"Path","SizeBytes","SHA256"
"Markdown\install (1).md","1081","c4ca3aa152348f2bdb35018fc835cdeb58095b112a155631158118c76377243a"
"Markdown\install (2).md","1081","c4ca3aa152348f2bdb35018fc835cdeb58095b112a155631158118c76377243a"
"Markdown\install.md","1081","c4ca3aa152348f2bdb35018fc835cdeb58095b112a155631158118c76377243a"
"Markdown\明路_01_兵种数值与克制关系.md","40887","eeefa9801dee9b9bdef0e380db0dd0599a58cc1b1ad93219433a0e6bae77ac15"
"Markdown\明路_02_技能系统.md","37766","ee023ca360f68eaa93902b3c95227ff1ff575cb718f5e32c290619cf88a14fab"
"Markdown\明路_02_技能系统_v2.md","97196","796e0d805ba4b95b24126626d3629e0bdd246889dc23796a6d7ae8f9a42c8571"
"Markdown\明路_03_AI设计.md","47412","e92ae528ce860e10410892f23f89fc8c893863996a36ee513c028cdf2388a9dc"
"Markdown\明路_05_补给系统.md","22989","dd23338bc37de11d00e70b6384a8056a5c0ec72a01e51d98d171d7d559fe96a3"
"Markdown\明路_07_好感度事件树.md","127493","ade8e1d5d4e19b096831825bd69bfc6de70e723281fef07a4e84e9da643e0ad0"
"Markdown\明路_09_成就与称号系统.md","25507","45a99c7e00115a6af16eb40dd3b0d10d15c9093fcafb6d26bbfcd45bc830e09a"
"Markdown\明路_11_存档与多周目.md","47489","4347a1a9100cb399a4181da18c18f3b4c444326c3b0a767836f910b120d43749"
"Markdown\明路_14_情报与间谍系统.md","52920","19422a0025f1a4b7e80a71cdcd74b672726dfb512aec39d313d6d098027e981d"
"Markdown\明路_15_UI详细设计文档.md","92162","ddfa22f0f19cb81918b38b3f411e528c536c7bc2492a3f1c3cd944e4e374e922"
"Markdown\明路_18_任务系统.md","96564","49f1a4b8d75ce29fdad3ba39e8d06526b6e4eb4576b0e8ffef67ccc59401821b"
"Markdown\明路_19_战斗系统详解.md","102638","c8d611c64425f401a383625a60e9d174bb0d2b9bb12523cf03f7e5ca1b8d220d"
"Markdown\明路_20_全功能UI排版与交互逻辑.md","263630","9a1880ed62f9f8c69d7aee33045d8a4e61781edc046c69d0e88ebb8c77d65f3a"
"Markdown\明路_21_剧情与养成串联重设计.md","167266","f291541b4ccd9ffee65ecfb9588c3faa4ff5f87246510742dc33c82ba8882356"
"Markdown\明路_22_建立角色与天赋系统.md","109503","e9f97da8d3b405f8e484f51047c42abbefbc5a68207340c6d6536ccf0aba5b9c"
"Markdown\明路_剧情大纲.md","10078","8efc4a94ae9357c04b1e7e9c87e4211911800916bdebaabcdd4476116ec00d15"
"Markdown\明路_扩充事件结构.md","64342","8e96c35cfa85dc0aa55755d57f9b6f9d7bd8eb911c6c7d5727c4682bb473f63e"
"PDF\《认知与设计：理解UI设计准则》.pdf","39369303","38037666263515f8c7772d6d9464e706899b0bddbe61f96250fd4e69d11fd2e5"
"PDF\chat-为这套玩法出战斗数值模型，输出以excel形式，要图文并茂，写明公式，计算出各个属性的标准价值以及3cd4cd5cd各自的标准模型属性_!DOCTYPE html___html lang=_zh-CN____head__    _meta charset=_UTF-8___    _title_三国海战 - TCG时停排轴版 (CD上限削减机制版)__title__    _style__     .pdf","8289448","cf240c468480cd8181537116c60f228f8860175b0f321dcd7fb5ee47d63b208b"
"PDF\艾达灵族11版中文 1.0_1783452815343_him8 (1).pdf","9657954","8d6407a9d89ea5744dae62741d93fb9781889adef918dcab16b48aec43e9defd"
"PDF\艾达灵族11版中文 1.0_1783452815343_him8.pdf","9657954","8d6407a9d89ea5744dae62741d93fb9781889adef918dcab16b48aec43e9defd"
"PDF\灰烬远征_战术肉鸽策划案.md.pdf","290359","3d90001f02987fd46eed44c88e222d89a239c9b6fcc33b88e2f50b104c0f603f"
"PDF\回合制战斗1.pdf","292656","cdf032f11e2213bec85f09290a2e29731d2781114e328ed6e513ddcd67870c96"
"PDF\游戏策划案(一）非对称博弈.pdf","352313","59c1c9b939e833dc2cc99e7d12bafdff8b338f44691572e242b63f863c9212db"
"PDF\游戏策划技巧提升笔记（水哥）.pdf","681227","1c06606f39acc04b7ac54319fcf80a1cf88818c8ac3492f66475978766be9b4d"
"PDF\游戏关卡设计.pdf","2755160","fa244b3e1a24e40c529a5e5d55ce538e72f4a2b40d0452dd90047c969c1c64f9"
"PDF\战斗系统浅析.pdf","116079","85e6b061c4728e7ca9189236c37a1442e122889b8a7826aec73a0c148f1bd818"
"PDF\战斗学.pdf","4384412","1758959066f8ac4105a07d7740f9b73d48e6c3d131369627b9c5a831ba6f8382"
"Spreadsheets\《飞吧龙骑士》战斗系统拆解用附表.xlsx","18341","0a4c4aa73db6cb668d5a3ce0ccc80c05ac6cfe18ae637a2e75d70dc3b536282b"
"Spreadsheets\Cardex富文本配置总结.xlsx","23808","dce7cb66192ea4c7512201e07eafb3d4b71d99f532ae82824c14bae691d86ad0"
"Spreadsheets\GameAction.xlsx","18740","eff332c65c1c3052d11b3453f4758f45a87bfb3053dcf14da2612317e7e83b05"
"Spreadsheets\GameBuff.xlsx","250800","8755cb54561ebe2a24e720c9aab2aa5d87ff4de970b7c91e64ce5f76b62981d1"
"Spreadsheets\GameBullet.xlsx","29963","ff9956682bd9ffa6dbf7bd70c54a7e552aa6bdba67de01e1ca653eea6fe8c2f7"
"Spreadsheets\GameSkill.xlsx","1131874","08fdc4c90b277acbc2d235647217e8352b6ffa4dd1a8f36ae5190e1d24a160c6"
"Spreadsheets\GameSkill_#note (1).csv","1018","817ef9bbc09d267b4e0addf24b7779d3d29e7f403e5b25e4fbde239650962cdc"
"Spreadsheets\GameSkill_#note.csv","1018","817ef9bbc09d267b4e0addf24b7779d3d29e7f403e5b25e4fbde239650962cdc"
"Spreadsheets\GameSkill_heroSkill (1).csv","9288","c55a696c7a28940c671d1d0addec23ba22a51d9f3b270a09ac4299b16ae745f6"
"Spreadsheets\GameSkill_heroSkill.csv","9288","c55a696c7a28940c671d1d0addec23ba22a51d9f3b270a09ac4299b16ae745f6"
"Spreadsheets\GameSkill_hitEffect (1).csv","939","5b22504e6b870601e0b17a0f6696ed4a4da6b639405c436e87187c388776309b"
"Spreadsheets\GameSkill_hitEffect.csv","939","5b22504e6b870601e0b17a0f6696ed4a4da6b639405c436e87187c388776309b"
"Spreadsheets\GameSkill_LaunchEffect (1).csv","1245","dae51cfdf78f6aabec195e890769b0e2db2b095c87acedcdb22de6f0e55a661b"
"Spreadsheets\GameSkill_LaunchEffect.csv","1231","c8a8e68fa53ad0c69d72ce120d3914dc96427d9ad22781f2117898a2339d033a"
"Spreadsheets\GameSkill_skill (1).csv","38570","54ac698b10b8ea005657319cfdbccc8155dfb748017f9cf24a395a6531d15ef4"
"Spreadsheets\GameSkill_skill.csv","41975","08d00232f65d746ab7dc89bcfd9e23927e62275ebd88495c0f61e95b07319281"
"Spreadsheets\GameSkill_skillAnimation (1).csv","13060","23efc8f35aeeed1d4107b8f9d0f25f80480915ee50af6c4cc9b408651143c304"
"Spreadsheets\GameSkill_skillAnimation.csv","13115","0c6d0256b1e84ac389a6d7bb6db7ee56538d496c86baa69f9ef8537b0831b4e2"
"Spreadsheets\GameSkill_skillCondition (1).csv","716","207978d41f9b56a50bd360b0bb855162f9a2599615b8a08b8b26d3e9faf2f999"
"Spreadsheets\GameSkill_skillCondition.csv","716","207978d41f9b56a50bd360b0bb855162f9a2599615b8a08b8b26d3e9faf2f999"
"Spreadsheets\GameSkill_skillFactor (1).csv","9101","e2c2a684daaa57772b10b4b85bdf30b0003fc989f1e74843b984b09667982d4a"
"Spreadsheets\GameSkill_skillFactor.csv","9065","a9f2c976ebf63a4ab9a42f1d0849669672f17dfebef74c230d38537e10f11740"
"Spreadsheets\GameSkill_skillSelect (1).csv","1264","7a4ff36ae68e7fd129c9deb92bcca20f92e458b5c211cf071ee20403b1803e59"
"Spreadsheets\GameSkill_skillSelect.csv","1264","7a4ff36ae68e7fd129c9deb92bcca20f92e458b5c211cf071ee20403b1803e59"
"Spreadsheets\GameSkill_skillType (1).csv","2727","f5a456bc62bc37f08d77aca54961b9ecd0ce2324dc392bc58bcaddcbfc4fef65"
"Spreadsheets\GameSkill_skillType.csv","2727","f5a456bc62bc37f08d77aca54961b9ecd0ce2324dc392bc58bcaddcbfc4fef65"
"Spreadsheets\Guide.xlsx","50813","d122b5fa465d1ab38fdfebd660046c0591437d18acea86cfa57493663e0515fb"
"Spreadsheets\Language.xlsx","670103","d697dba6aab5adb2a109d782d1536a790d81cb3145277a65a15342525010f835"
"Spreadsheets\member_effect_skill_check_20260701_211034.xlsx","16548","2b8e67a8a1402eafb5c486d44f0acf8cde21f67068d42e2499c557d13a956ac2"
"Spreadsheets\skill_hero_mapping_details_20260626.xlsx","30403","4d9b70652679723b892dd2f07d94e5954f64f53d8a94d8c85267ce784f1c88f7"
"Spreadsheets\标模计算.xlsx","13001","cc72e367a7bbb876f715feb77341c43ad504cf8be5c8decade69a1f8a9fba8a3"
"Spreadsheets\技能表现需求表格 (1).xlsx","189391","3c30f31235334e305ad16613e8d3a7c5ffbc90228e06506f725f11656f6e28c6"
"Spreadsheets\技能表现需求表格 (2).xlsx","29654","019b3bd67ac0647bb5f02f2fa2f1027a596e98abf031e89b2c47d41e94883152"
"Spreadsheets\技能表现需求表格.xlsx","182779","5950f1af2d2c5934d58fc7fb44372649f80844ff8b08c45c9447ec4a362e59bc"
"Spreadsheets\技能表现需求表格_模版卡字段标色.xlsx","186055","88bcd9a0fa364866b56797843a458cc0f5400c7955970aed7833c7b6469f251f"
"Spreadsheets\技能表现需求表格_武将重分配.xlsx","27570","3f8fa00b7212822edeb60b5e653e30d38e902f45effeaa640ed2955e4bd5d7bb"
"Spreadsheets\技能数值模型计算 (1).before_desc_tune_20260704_164509.xlsx","85774","0580bea1e3edc06b66f50793facf9e64414c10780c6f50e2f157025f919519f9"
"Spreadsheets\技能数值模型计算 (1).before_language_desc_20260704_162607.xlsx","61718","dd0f33fefb01d86fa8fa5a8762a1da92ca42773c20bcfd8ca1ec149947fb60ac"
"Spreadsheets\技能数值模型计算 (1).xlsx","85774","0580bea1e3edc06b66f50793facf9e64414c10780c6f50e2f157025f919519f9"
"Spreadsheets\技能数值模型计算 (2).before_language_sync_20260706_1115.xlsx","96685","fc5ea072d78a3a1a61fdbfb9e1caffac6513d099634d7b0106315d3f363c6b76"
"Spreadsheets\技能数值模型计算 (2).before_model_format_resync_20260706_1129.xlsx","89730","b5dd9dcd1f0d9c7ecb8d12c862ed7bb81cefa576291269eb3f2e0d9435416a68"
"Spreadsheets\技能数值模型计算 (2).xlsx","89564","9bfa004c8c8657f7de4bdf85481a6218a4feffa36172dd1e98541421a8f0bf3d"
"Spreadsheets\技能数值模型计算 (2)_language同步修改明细.csv","24783","1f6aa6c2325656c7f64ebbc2414f47d9201e23a369ecafeb83e35c57cbe8e088"
"Spreadsheets\技能数值模型计算 (2)_language同步修改明细_模型格式.csv","3803","caadc6f6db8cd5d6d8751773c0c2e22b12bab83914d1fe99a2972f6dca6ac1f8"
"Spreadsheets\技能数值模型计算 (2)_当前版本相对初始版本差异.csv","2066","94cabaa9ae121767a25b3c09529fc7e030bdd337f0bac8a72ab203c9468778ba"
"Spreadsheets\技能数值模型计算.xlsx","82575","98cd095f3af75ec100fda1c4b97c6c7dfc7d50bb38ec90894d02383439089754"
"Spreadsheets\技能数值配置.xlsx","1146448","9645727d0a248946a166ed08549d6cc98454099afc749ac34e6eff5c95088c68"
"Spreadsheets\角色牌技能描述最终版.xlsx","46322","313f601b3d9f533c9f3656d236276920ccbf38c2392379ba38882500812f3293"
"Spreadsheets\卡牌规划-3(1).xlsx","1952714","ad52122b88774df1768852469311eea58f5f0f588e3869ebeecc70bfd0b6cefe"
"Spreadsheets\卡牌规划-3.xlsx","1952709","c60e1558b21d19e9a40b494629912dc5baf75645cf6b217e490f140380831852"
"Spreadsheets\卡牌收集、阶段性追求.xlsx","3502917","39b21879e0a1d0b91c9691dbdbfb52b731a743bdb6b54ec8694829ede448d347"
"Spreadsheets\明路_角色设计.xlsx","57209","a7cea7e8171e833033c6904798557460785231ee5ad363cfebe24e555439d709"
"Spreadsheets\明路_剧情文本.xlsx","36563","68bd6e24b67bc62af2c65f222a315a25a8761c34382138194ef72b6dddf500d2"
"Spreadsheets\明路_剧情文本_扩充版.xlsx","268055","6fb60f33032a5ee44104d851425034cc3e23d9a1bbe61f8a238097beabf7ecdc"
"Spreadsheets\明路_扩充版_后半.xlsx","197256","55d8f43f4522c108626615d00ec323283ebed5b3dc8be453482c1789d67b298f"
"Spreadsheets\明路_扩充版_前半.xlsx","78783","40e65afaa11d89c118761d5bb2654099305b0e8bf9d2161e118aa43d6c43cac4"
"Spreadsheets\三国海战_TCG数值平衡模型v2.xlsx","20315","658d20a8d2b328a489e04b17d1ec02f3d8b7a197b5d9402610b3578b43a15054"
"Spreadsheets\三国海战_TCG数值平衡模型v3.xlsx","26605","0abba73272c32d8ddf75b1bbb498655a6ecc19a6448cd5f112385fb3c5843cfe"
"Spreadsheets\三国海战_TCG完整数值平衡框架.xlsx","35439","a68a32ca1189f11ba0bbad6d61632fe757fe021cc1b9e39b44be053c481885c5"
"Spreadsheets\三国海战_TCG战斗数值模型.xlsx","18470","d33247d48d684c026ca1acf1478aa064c8fe4072971eeb677616834f5281b6b6"
"Spreadsheets\商业化内容总览.xlsx","14433646","43f7fc80a015fc80e50d68b47524ab0763e6c97a36a3796026194971bd58ff91"
"Spreadsheets\小程序版基础框架.xlsx","1700692","ab43b2728fedaeba47eca81e330745163b5891f2afc269ec1c785f2534505bd9"
"Spreadsheets\新人手册设计.xlsx","30477983","a19a232a488735a82e56aedb8dc789885a561668e27c2430f49680b106e74f79"
"Spreadsheets\用户上传_技能表现需求表格_武将重分配.xlsx","27570","3f8fa00b7212822edeb60b5e653e30d38e902f45effeaa640ed2955e4bd5d7bb"
"Spreadsheets\用户上传_技能表现需求表格_武将重分配v2.xlsx","16132","28319eee15ee84afd0b31c6db9bd715ca0278fa221709a684b1aa360a2fc36ec"
"Spreadsheets\战斗技能设计(1).xlsx","48417","28c6e05a4e0294ce293ccfa8b248dc0c86a488fe0852c0d57f92802c34e17a91"
"Spreadsheets\战斗技能设计.xlsx","52416","c08ed195963e67bed97c828fe15759d42abb60633e167a34918e0020819ea1e1"
"Spreadsheets\战斗模块迭代 (1).xlsx","2178118","2ad7ee1ec66c03596f3d4e3d1b9c979b9f49972e54e50eee3300c7064b6b743a"
"Spreadsheets\战斗模块迭代 (2).xlsx","2178118","2ad7ee1ec66c03596f3d4e3d1b9c979b9f49972e54e50eee3300c7064b6b743a"
"Spreadsheets\战斗模块迭代 (3).xlsx","2178135","8f88b326bb711120bce39d8aebd1ef85b86fa0d2e9c389314b2e4b58b33c92e4"
"Spreadsheets\战斗模块迭代.xlsx","2178118","2ad7ee1ec66c03596f3d4e3d1b9c979b9f49972e54e50eee3300c7064b6b743a"
"Spreadsheets\主干总表.xlsx","1361803","33656a54e0491e140939079a2191d6e78a5a0d73d8a59b9d2c5e5918f99215ac"
"Web\artifact-0b3dc262-450e-4dfb-b264-814178ccd922-10.html","27862","cdea8c470fd6d167acef693d816f90ebbd321b61d3ea0efbf7dd8356c4f5b642"
"Web\artifact-0b3dc262-450e-4dfb-b264-814178ccd922-2.html","4926","dac91eb2bd373918997061702115b2ad121263b87277562ec556f46cb4221553"
"Web\artifact-0b3dc262-450e-4dfb-b264-814178ccd922-7.html","23724","09037a159d4deb42db9c7ec320f5e4cd5e036bf0294414e1654f338eb83021c5"
"Web\artifact-5506f724-3615-432e-a4db-28f8f9f898b0-0(1).html","40320","a611b508f398f126d65e1c6cf2d18e55c35b6b12fb1a61b1825d57832c9160aa"
"Web\artifact-5506f724-3615-432e-a4db-28f8f9f898b0-0.html","40320","a611b508f398f126d65e1c6cf2d18e55c35b6b12fb1a61b1825d57832c9160aa"
"Web\artifact-706ee478-a1dc-45c1-92be-cff31920a21e-6.html","63079","7fc0d31e13b95724710b25ba2802096be82bfd7e669b710e1e7b42f9cfbf0d63"
"Web\artifact-7b2dc3ac-efc6-4391-a4e8-d4e626969c9b-6.html","19238","cb167ec6f4669af02fc96125f377a057312e5f9b0324447b94cc538213440047"
"Web\artifact-7b2dc3ac-efc6-4391-a4e8-d4e626969c9b-8.html","29099","81d1c7626395911d5535b8cbbec145a99832af5af5d48dd5f9b3da3614dfed4d"
"Web\artifact-805733f3-d205-4c9c-b2b8-dad5fae75a26-4.html","52492","10cd5278a7f2b3bcf4ff284855a05520f80768f001792856691def249aee79c2"
"Web\artifact-805733f3-d205-4c9c-b2b8-dad5fae75a26-5.html","51721","0dc134f5cf8f31e2a748a31188bb845e118ecb1cfdfad8ed038f4b0d12e960dc"
"Web\artifact-850d4711-9447-423b-9a72-4423b04369b0-2.html","71750","ee90f8375c8db1232c6f96c71e0e19d9dee9340b952c24aac600522ae82e328c"
"Web\artifact-8cbc300b-3d55-4413-9714-6fec89c962b8-3.html","9379","614786df2d9d07c11d56ed30178b5fa07c8fc9a88c8512b993c9dd559f4af79a"
"Web\artifact-9e6e28d4-7663-4f96-9090-02d9b93225fb-1.html","23041","3c5fc517db212794cfa799903829637bc32377da6e5d1dc0edd2c3de2e8d7104"
"Web\artifact-9e6e28d4-7663-4f96-9090-02d9b93225fb-10.html","44344","aafe8cee310ff3844ab8aed421dc5f22be68c8e6b8436cf246ec8124ad2ad748"
"Web\artifact-9e6e28d4-7663-4f96-9090-02d9b93225fb-11.html","49818","f1c58979b19b60fa3a91702bb86d8b86a7210a2852ff2d3f6cef8d0f1938c404"
"Web\artifact-9e6e28d4-7663-4f96-9090-02d9b93225fb-3.html","32464","380b20d41348c05e566170e4a8292d4a03408f54dccae8d010ed835e71e58d45"
"Web\artifact-9e6e28d4-7663-4f96-9090-02d9b93225fb-4.html","36542","7f889f5d137035c3fa9ae02867866dd22d00d5f91fd5771e248b289930ed2cb6"
"Web\artifact-9e6e28d4-7663-4f96-9090-02d9b93225fb-5.html","35436","6c06beab68c5286d6bdcd911dd6655532a2d75ea802e3dd2b8cfafa0d50dffea"
"Web\artifact-9e6e28d4-7663-4f96-9090-02d9b93225fb-6.html","37336","d17731788aa81e2304e8672e9d030398c8fc63812ebf46577d7b8fd986953899"
"Web\artifact-9e6e28d4-7663-4f96-9090-02d9b93225fb-7.html","36308","3b7bd5cecbc67865ff31c7a88e3339af2957085280e602831953a386440517ad"
"Web\artifact-9e6e28d4-7663-4f96-9090-02d9b93225fb-8.html","37202","4cbf30edffd8501443c615d61d8f7594252516c572ccc34e6630d164d982b27d"
"Web\artifact-9fff37a6-6c10-4cb3-bc98-3ff86faeb7ae-4.html","59786","9ed3e8f39fe6b4f79976ef925534b0839585f19ec4cce0e02db851468f809cc9"
"Web\artifact-9fff37a6-6c10-4cb3-bc98-3ff86faeb7ae-9.html","67367","d3cdffd2e479ef93748c2eb6d548af1f39888fe0a48a776e6d8fff762cd9f7e4"
"Web\artifact-a5c070db-9dba-4639-a0af-704777b20b1f-30.html","8236","add57ef2204b44071a4aafd3c2ac5883df8c46f15bd604293d13cd8245800ee0"
"Web\artifact-aa4b3b55-a055-4455-8d2b-56c28db1bf62-0 (1).html","87672","c48f8d11614dfc023c223aaa0174801cc24d7c1f41fdbdc2326bec222d1508cd"
"Web\artifact-aa4b3b55-a055-4455-8d2b-56c28db1bf62-0.html","87672","c48f8d11614dfc023c223aaa0174801cc24d7c1f41fdbdc2326bec222d1508cd"
"Web\artifact-aa4b3b55-a055-4455-8d2b-56c28db1bf62-2.html","89910","b93381acb75a3222587c685e26abb894f6880e89a16df746a4eb0ca718b71255"
"Web\artifact-aa4b3b55-a055-4455-8d2b-56c28db1bf62-3.html","92063","7febe6fd9ed4db52afb8c8c7ed25d9135baf5f09273e62d410aa3dac2ef559f9"
"Web\artifact-b19e3f43-c7d4-4a76-a937-8f651f9d1d03-0 (1).html","89405","cdc0354f792c84218dfa67627be742448d918637c093ea72d1e3deeb7962fb8c"
"Web\artifact-b19e3f43-c7d4-4a76-a937-8f651f9d1d03-0.html","89405","cdc0354f792c84218dfa67627be742448d918637c093ea72d1e3deeb7962fb8c"
"Web\artifact-d1e887d5-5ccf-4e5d-a130-2eee211a73a5-0.html","3636","68bf3da82a68303aac6cc966257e2ddf553f7e4ad65b561aaa1c20a65dfbcd27"
"Web\artifact-d643ef4c-d1d8-4010-bf23-544a50b9a786-2 (1).html","91227","20806375399c222e437cdfdc3b00da33ac2c5a8c0e1488596b848230d5169435"
"Web\artifact-d643ef4c-d1d8-4010-bf23-544a50b9a786-2.html","91227","20806375399c222e437cdfdc3b00da33ac2c5a8c0e1488596b848230d5169435"
"Web\artifact-e2f5ef68-69e2-459f-b650-42f6beda6ce4-4 (1).html","38654","e98df9851a07df051b4bc27e6e4295ade013dd91615049f8f00eb6c89db07b97"
"Web\artifact-e2f5ef68-69e2-459f-b650-42f6beda6ce4-4.html","38654","e98df9851a07df051b4bc27e6e4295ade013dd91615049f8f00eb6c89db07b97"
"Web\artifact-e649391c-a8de-48a3-b50d-4d3e1fd52eaf-0.html","62320","ce6ab58be1bd3e7cf9d5fccdc99acc9fb3038ffb8f2d694f89a2faeff35b6f7d"
"Web\artifact-e649391c-a8de-48a3-b50d-4d3e1fd52eaf-1.html","1126","796843b27ed2d65c8a4900fcd3d1d1b1dbf4789861efad4b83a5216914807508"
"Web\artifact-e649391c-a8de-48a3-b50d-4d3e1fd52eaf-8 (1).html","84815","508e2b81aa56402cd445983bbc92488bf4812f92b3a4af02e9801923cf7f0e55"
"Web\artifact-e649391c-a8de-48a3-b50d-4d3e1fd52eaf-8.html","84815","508e2b81aa56402cd445983bbc92488bf4812f92b3a4af02e9801923cf7f0e55"
"Web\artifact-f72b2423-4ff0-4383-ac1f-ca51f33d59ab-2.html","83522","d91e1a806d446917a415b65c05b982381538691afae1d3900f3f562c8ec5d801"
"Web\技能表现编辑器.html","37485","4ca38efcea611149a973947c4b54fc621ddfa95e67e90ec20f9eb0d6e2226bf2"
"Web\文字RPG游戏编辑器.html","33972","9b041c8e12558fdc410978161959aaa03f9c056817dc1646e5d9b0dc4ad6a5a0"
"Word\【海外-卡牌】游戏服务器通用日志规范（埋点）-v3(1).docx","225067","e506533c7b61a5cccbcfea019bcf7535d40630e3b86192a8618b0ff308feeeda"
"Word\2026.3.16战斗框架.docx","344374","1508d3c558710e8be8f2f753e64124ff93600aee00489257acd6705c69d7919f"
"Word\艾达灵族11版中文 0.1.docx","2842255","b7fe83c1f31263f02149adf12eff6736f51d9cb5ada8b25cbd7faa4dbbab3d4e"
"Word\策划独立用AI开发游戏的经验分享.docx","29465859","76f447545f988e8293f3ed721b50bdf492331df76bddb6dc300f42f1c063aaa8"
"Word\大风杀.docx","6879","d03edbb3235dbf0bf835e35b7716de66d824f3e49cbb83082b69cd2eb87d9270"
"Word\大风杀_修改版.docx","43920","880c518ca9fec6fa77e8558205bcf46618dbd32af2311418286155fa52bd4869"
"Word\飞吧龙骑士战斗系统拆解案.docx","3795548","67f045afa6b802725893026a5cd42af497c70abacffbe3d64a8c1a4a500ff85d"
"Word\核心玩法设计.docx","13861","7713c4e05f1075f952170cd98413e0a233bf13cf324c0fd8533467ff4a8370bf"
"Word\幻卡之星战斗新手引导.docx","45837","927ae9184292a3009e00523d84365a6617cd4a786728ad876abd14fd94aa1c1f"
"Word\幻卡之星战斗新手引导_backup_20260608_before_update.docx","16952","1874cc85ab3112aa85422b5ae36383dc0575dc567bf4345acbda2e3c71d399ad"
"Word\回合制战斗需求.docx","14161","13e640abe798204b70dfc5ec9022aa5977fefafbfbcd2d57eb6d834ed7ddb2d7"
"Word\卡牌技能编辑系统可视化策划案.docx","129345","f5c26fadcc696060f1202d5e3cfebebc43c0a9eacc420bc387700e4ac8417492"
"Word\魔武三国-功能说明书.docx","10533466","bb89a396ec764aea167e54a5e763ec669389388ef56e7d4f3eadf82aa13ca19f"
"Word\魔武三国-系统梳理.doc","18379730","990984cdcc5f444aeea759fdf19096b566963a021e239215219d7bedde1fac97"
"Word\配置文件更新服务器流程.docx","407089","1371db5d1e69e87a1f99f71e117ff128f40880ab10bb53f925d4ec4af740d1cc"
"Word\三战 战斗数值分析.docx","1212582","b038d64a9f3b26bbf6fafd5a73f2a3f7d7a2f3c82eb9d18c34189f2b7da36c21"
"Word\武将技能模板系统 优化版架构设计.docx","16151","07ebec078bd3c2216346f5cc09596698689c36ea28a5fc163da82ec4058e79af"
"Word\武将模板系统分析报告.docx","111726","bdef1aeaf7840926c3fdcbd505b98c892f82115b5a67071e61d25289725af35c"
"Word\武林外传游戏中文脚本.docx","2381205","40f9fc2e3ad8da44a6207c310056bfbc23d090cd5a268642a5ef403321b54281"
"Word\异界谷子店-功能说明书.docx","6989016","f40e776b744e319bb6ebeae20ba611a3cf12e1e80d5c75d2f89ce875e47f26fa"
"Word\游戏中的目标设计.docx","17932","53aa2b99adadd30e681cff93be0a2ec970b200bafaf12835c76d8ece083022fe"
"Word\战棋游戏战斗系统.docx","349111","5d25442de0822785d7c331f92889eee2968f483e4746e3832e6d73549a34bb9c"
