name,identity,faction,kind,traits,background,tasks,nodes,portrait,asset
郑怀远,返乡团创始人之一，海军老将,返乡团,非同学NPC,刚毅、怀旧、固执、忠义、威严,少年时随郑氏舰队东渡，亲历横渡太平洋之九死一生。半生征战海域，从舱底水手累功至海军副都督。每至月圆之夜独坐船头东望，口中低吟故乡山川之名。一生唯念东征光复，纵白发苍苍亦不稍改其志。,旧梦航线:助郑怀远寻访东渡古航海图;铁锚之心:为其修整旗舰以备东征;老兵不死:劝阻其亲征之念;东望楼台:陪其登塔远眺讲述往事;遗令之谜:在其病榻前接受临终嘱托,第二章力主东征引发朝堂辩论；第四章舰队出征时病重；第六章临终将东征密令托付主角,白发苍苍的老将，面容刚毅如铁，身着深蓝海军官服，胸前勋章斑驳，目光深邃东望,Art/Portraits/portrait_001
赵夫人,赵将军之妻，京城贵妇圈核心人物,返乡团,非同学NPC,精明、优雅、强势、护犊、世故,出身将门世家，自幼熟读兵书政略，嫁入赵家后以柔腕织就京城贵妇人脉网。其夫常年戍边，她独撑门楣，于觥筹交错间为返乡团争取资源。面上笑语盈盈，暗中手段凌厉，人称'铁面观音'。,绣楼密议:为赵夫人传递政坛密信;贵妇茶会:在其安排下结交权贵家眷;母命难违:协助劝赵伯衡归家省亲;妆奁之秘:发现其藏匿的东征军费账册;红线牵缘:被安排与某家小姐相亲,第一章介绍主角进入贵妇圈；第三章发现其暗中挪用军费；第五章与赵伯衡母子冲突,雍容华贵的中年妇人，眉目精明，发髻高耸簪珠翠，着绛紫锦袍，手持团扇微笑,Art/Portraits/portrait_002
钱尚书,兵部尚书，返乡团政治核心,返乡团,非同学NPC,老辣、沉稳、多谋、寡言、城府深,寒门出身，以军功入仕，三十年间从主簿升至兵部尚书。深知朝堂如棋局，落子须算三步之后。于皇帝面前是忠臣，于同僚眼中是劲敌，于部下心中是严师。主张东征却从不亲赴前线，世人或讥其怯，实则运筹帷幄。,尚书密令:替钱尚书传递机密军令;兵部档案:在其指引下查阅东渡原始记录;朝堂暗流:协助其在政敌间周旋;军粮之争:帮其解决军需调拨危机;棋局终手:见证其最后一步政治布局,第二章主导东征军费预算案；第四章与法治派结盟；第六章病逝引发权力真空,清瘦老者，须发灰白，着黑色官袍补服，面无表情如枯木，眼神幽深,Art/Portraits/portrait_003
孙伯昌,退役老兵，方孝先旧部，学院杂役,返乡团,非同学NPC,粗犷、忠直、酗酒、隐忍、重情义,从军三十年，身上伤疤比军功章还多。退伍后不愿离开军营，自请来学院做杂役，替总教官打扫马厩也甘之如饴。酒醉后常讲前线旧事，清醒时却沉默如山。心中唯一牵挂：战死沙场的兄弟们的遗孤，至今仍在自掏腰包接济。,老兵酒话:酒馆中听其讲述前线秘辛;马厩暗格:在其住处发现隐藏的军用地图;遗孤名单:帮其寻找阵亡战友的后人;最后一班:替他完成未竟的巡逻勤务;铁血勋章:为其争取应得的退役军功赏,第一章引荐主角认识方孝先；第三章透露边境真实战况；第五章为保护主角受伤,粗壮的老兵，满脸横肉刀疤，独眼，着褪色旧军服，腰间挂酒壶,Art/Portraits/portrait_004
沈沧海,海军副将，主导战舰研发,返乡团,非同学NPC,痴迷、执拗、孤僻、天才、偏执,自幼对船舰构造如痴如醉，十六岁即改进福船龙骨设计。东渡途中船队遭遇风暴，其所改之船独得保全，由此声名鹊起。然其性执拗孤僻，不善交际，唯对船舰之事滔滔不绝。近年痴迷于蒸汽动力之设想，被同僚讥为疯子。,图纸迷踪:替沈沧海找回被盗的战舰设计图;铁骨试验:协助其进行新型战船试航;疯子还是天才:为其蒸汽机研究争取经费;暗潮汹涌:发现有人蓄意破坏其研究;远洋之梦:见证其完成第一艘蒸汽船,第三章新型战舰下水试验；第五章研究资料被焚毁；第六章完成蒸汽船原型,瘦削的中年男子，衣衫沾满墨渍油污，头发凌乱，眼中闪烁狂热光芒,Art/Portraits/portrait_005
韩忠义,后勤总管，管理军需物资,返乡团,非同学NPC,精明、吝啬、谨慎、可靠、贪小,市井出身，从粮仓小吏做起，凭一手算盘功夫升至后勤总管。掌管百万军需物资，锱铢必较，被前线将领骂作铁公鸡，却从未让任何一支队伍断粮。私下有贪小便宜之癖，常从库房顺些针头线脑回家，然大账从不含糊。,账本疑云:帮韩忠义核查一批来路不明的军需;粮道之争:协调前线与后方的军粮分配;库房暗门:发现军需库房中的秘密通道;价码谈判:替其与供应商讨价还价;最后一批粮:在内战爆发前抢运最后一批军粮,第二章发现军需账目异常；第四章被指控贪墨遭弹劾；第六章以内战粮草归属要挟各方,矮胖的中年人，小眼睛精光四射，着灰色布袍，腰间挂着大算盘,Art/Portraits/portrait_006
郑明宗,宗人府宗令，皇族代表,返乡团,非同学NPC,傲慢、保守、精于礼法、优柔、虚荣,先帝从子，论辈分乃当今天子从弟。自幼受宗学礼法熏陶，行事循规蹈矩如履薄冰。执掌宗人府二十载，维护皇族体面不遗余力。然其性优柔，遇大事畏首畏尾，常被朝臣讥为'泥塑宗令'。暗中对太子倾心革新之事忧心忡忡。,宗室夜宴:代表宗人府出席皇族宴会;族谱秘密:在宗人府档案中发现东渡前的隐秘;礼法之争:协助其应对太子违礼之事;宗令之难:帮其在皇族内部争斗中自保;宗庙之托:受其委托保护东渡先帝遗物,第二章反对太子改革主张；第四章揭露太子暗中联络自由派；第六章在皇位危机中选择站队,面容清矜的中年贵胄，着明黄织金蟒袍，手持玉笏，眉间忧色,Art/Portraits/portrait_007
冯铁山,边境将军，镇守西部边疆,返乡团,非同学NPC,刚烈、粗豪、护犊、孤傲、重义,行伍出身，以一身悍勇从大头兵杀至边将。镇守西疆十年，与印第安部族时战时和，深谙荒野生存之道。虽属返乡团，却因长居边地而对东征之事渐生疑虑——这片大陆何尝不是家？独女冯英杰女扮男装入学院，是其心中最柔之处。,烽烟再起:赶赴西疆协助冯铁山抵御外敌;边关夜话:在篝火旁听其讲述边境故事;父女之间:帮其与冯英杰修复关系;第三条路:劝其在返乡与扎根间抉择;铁山令:在内战时争取其麾下边军支持,第三章西疆告急请假回援；第五章女扮男装事发震怒；第六章率边军入京改变局势,虎背熊腰的壮汉，肤色黝黑如铁，面有刀疤，着铁甲皮袍，目光如鹰,Art/Portraits/portrait_008
马千户,归化印第安人军官，返乡团中的异类,返乡团,非同学NPC,忠诚、矛盾、沉默、隐忍、自尊,幼时部族被瘟疫摧毁，为汉人军官收养，自幼习汉文武艺。及冠从军，以战功升至千户，是郑明军中官阶最高的归化人。然其内心始终在两个身份间撕扯——印第安血脉与汉式教养，部族故土与军旅此生。同为乡党所疑，同僚亦另眼相看。,两面之刃:替马千户向乡党传递善意信号;归化之痛:陪其重返故地面对昔日同胞;千户的选择:在返乡团与乡党间为其指路;血与土:助其保护部族残留领地;两个名字:帮其寻回印第安本名与根源,第二章因印第安事务被两方拉拢；第四章被乡党指责为叛族者；第六章选择效忠对象决定边防走向,深目高颧的混血男子，编发中杂汉式发簪，着军服外套皮披风，目光忧郁,Art/Portraits/portrait_009
顾老太爷,前朝遗老，衣冠东渡亲历者后代,返乡团,非同学NPC,迂腐、博学、怀旧、慈祥、固执,其父乃明末遗臣，随郑氏东渡时已年逾花甲。顾老太爷生于东渡途中船舱之内，是名副其实的'海上生人'。一生以传承故国文化为己任，家中藏书万卷，皆是东渡时抢救之珍本。虽年迈昏聩，每每谈及故国风物，却忽然清明如少年。,故纸堆:替顾老太爷整理东渡文献;旧物重光:寻访东渡时遗留的明朝器物;海上生人:记录其口述东渡史;最后的墨迹:帮其完成未竟的史书;归骨何处:满足其临终遗愿——面东而葬,第一章引出东渡历史背景；第三章提供关键历史文献；第五章病危托付主角保管文献,枯瘦的老者，长须如雪，着旧式儒衫，手持线装古籍，眼神时而浑浊时而清明,Art/Portraits/portrait_010
赵伯衡,同窗好友/室友，赵将军之子,返乡团,同学NPC,正派、沉稳、重义、隐忍、矛盾,将门虎子，自幼习兵法武艺，以优异成绩入学院。与主角同寝室，性情相投结为挚友。然其父长年戍边，母亲强势操控家事，使他外表沉稳而内心压抑。深信东征光复之使命，却在学院中逐渐见识到大陆之辽阔与另一番可能。,袍泽之誓:与赵伯衡立下同生共死之约;家书万金:替其传递与父亲的家书;棋逢对手:与他在兵棋推演中对抗;兄弟阋墙:因立场分歧与他产生裂痕;归途:在他迷茫时为其指路,第一章与主角成为挚友；第三章因东征立场与主角产生分歧；第六章在关键时刻选择,俊朗青年，浓眉星目，着学院制服，佩家传短剑，神情沉稳中带忧郁,Art/Portraits/portrait_011
钱若愚,钱尚书之孙，憨厚老实,返乡团,同学NPC,憨厚、老实、胆小、善良、迟钝,祖父权倾朝堂，他却半点没继承那心机城府。入学靠祖父安排，成绩常在末尾徘徊，却从不作弊偷巧。旁人嘲他愚钝，他只是憨笑。唯独对朋友一片赤诚，被欺负时也不还手，却会在朋友受难时第一个冲上去——哪怕自己先摔倒。,笨鸟先飞:帮钱若愚补习功课通过考试;尚书之孙:陪他面对'靠祖父入学'的嘲讽;笨办法:用他的方式而非计谋解决难题;真心话:在篝火夜谈中听他说出心中恐惧;最后的憨笑:在他做出出人意料的选择时在场,第二章被陈敬之等人欺凌；第四章祖父去世后遭受打击；第六章以笨拙方式做出关键选择,圆脸微胖的少年，眼神单纯，着学院制服总是不太合身，笑容憨厚,Art/Portraits/portrait_012
冯英杰,冯铁山之女，女扮男装入学,返乡团,同学NPC,刚烈、机敏、骄傲、孤独、勇敢,自幼随父在边关长大，骑射功夫不让男儿。不甘女子之身困于闺阁，趁父出征之际剪发易服，以'冯英杰'之名投考学院。与同袍同吃同住，时时刻意压低嗓音、收敛身姿。夜深人静时独望星月，既是思乡亦是自我追问——这副皮囊之下，我究竟是谁？,巾帼秘密:发现冯英杰的女扮男装身份并替其保密;边关来信:帮其处理父亲家书中的暗语;骑射之道:与其切磋马术弓艺;身份危机:有人怀疑其性别时帮其遮掩;真我:在她决定公开身份时给予支持,第一章与主角同班结交；第三章身份险些暴露；第五章真实身份公开引发风波,清秀而英气的少年，眉目间有掩不住的秀色，束发紧实，着宽松军装,Art/Portraits/portrait_013
沈天佑,沈沧海之子，热血但冒失,返乡团,同学NPC,热血、冒失、冲动、乐观、单纯,自幼在船厂长大，对大海有近乎宗教般的热爱。入学不为仕途，只为有朝一日能驾驶父亲造的大船东征故土。性子急如烈火，常因冲动闯祸，却总能以一脸无辜的笑糊弄过去。与父亲一样痴迷船舰，不同的是他只爱乘风破浪，不爱图纸枯燥。,浪花少年:陪沈天佑去港口体验航海;冒失鬼:帮其收拾因冲动闯下的祸事;船厂之子:在沈沧海处为其说情;风暴将至:在海上遇险时与其共渡难关;扬帆东征:在东征舰队启航时与他并肩,第二章因冲动违规受罚；第四章偷驾战船出海遇险；第六章成为东征先锋舰长,黝黑健壮的少年，海风吹乱额发，眼中跃动海光，嘴角永远上扬,Art/Portraits/portrait_014
顾承恩,顾老太爷曾孙，文弱书生型,返乡团,同学NPC,文弱、敏感、博学、自卑、温柔,曾孙中最似老太爷者，自幼浸泡于故纸堆中，经史子集倒背如流，武艺体能却一塌糊涂。入学后被同窗讥为'活书架'，体能训练屡屡垫底。与曾祖最亲，每夜在老太爷膝前听东渡旧事。表面温顺如羊，内心却因无法武勇而深深自卑。,书生之路:帮顾承恩找到非武力的学院立足之道;曾祖之愿:替他照顾年迈的顾老太爷;纸上谈兵:用其学识在兵棋推演中制胜;柔弱与坚韧:在其被霸凌时助其找到勇气;笔杆子:帮其在学院报刊上发表文章,第一章因体能差被孤立；第三章用学识赢得兵棋推演赛；第五章曾祖病逝后性格大变,白净瘦弱的少年，戴圆框眼镜，手指常有墨渍，神情怯懦,Art/Portraits/portrait_015
李承恩,陆军中将，李婉清之父，干城派核心,陆军青壮派,非同学NPC,强硬、务实、护女、专断、锐利,行伍出身，从边境小卒一路杀至陆军中将。长年戍守内陆，深知大陆之辽阔远胜海洋。主张深耕大陆、建立强大陆军，视返乡团的东征梦为逃避现实。独女婉清是其唯一软肋，虽严厉要求其从军，实则日夜忧心。,将军的召见:首次被李承恩单独召见谈话;陆海之争:见证其与返乡团的激烈论战;父女心结:帮其与李婉清修复关系;大陆军蓝图:协助其制定陆军扩军计划;铁腕将军:在内战时面对其军事决断,第二章提出'大陆军'改革方案；第四章与返乡团决裂；第六章率陆军主力表态,身材魁梧的中年军人，面如刀削，着陆军将官制服，目光锐利如鹰隼,Art/Portraits/portrait_016
王铁柱,西部边防将领，实战派,陆军青壮派,非同学NPC,粗犷、直爽、嗜酒、重义、悍勇,西北苦寒之地出生，自幼与风沙为伴。十六岁从军，在无数次边境冲突中杀出威名。不识几个大字，却能在沙盘上推演出精妙战局。最恨纸上谈兵之人，最敬凭本事吃饭的好汉。军中人称'铁柱将军'，非因其刚强，乃因'搬不动'——一旦认准之事九牛难拉。,铁柱之言:在酒馆中听王铁柱痛斥朝堂腐儒;边防实战:随其赴边境见识真实战场;蛮力与谋略:用计谋替他解围;老兵的勋章:帮其讨回被克扣的军功赏;铁柱将军的选择:内战时说服其加入己方,第三章在前线展示残酷战争；第五章因军功被夺与朝廷冲突；第六章率边防军入局,虎背熊腰的壮汉，满面络腮胡，皮肤粗粝如铁，着旧军甲，腰悬战斧,Art/Portraits/portrait_017
张猛,前线步兵军官，百战老兵,陆军青壮派,非同学NPC,沉默、坚韧、寡言、悲悯、麻木,从军二十年，经历大小战阵百余，身上箭伤刀疤如刻。早已对生死麻木，却总在深夜惊醒于战友临终的呼号。不爱说话，不说大话，只做实事。对新兵蛋子又嫌弃又心疼——嫌弃他们嫩，心疼他们将走自己走过的血路。,沉默老兵:在沉默中听张猛讲述战争真相;百战之躯:替其处理旧伤复发的困境;新兵蛋子:帮其训练一批新入伍的学员;最后一战:陪这位老兵打完最后一仗;无名碑:为阵亡的战友修建纪念石碑,第三章展示战争的真实代价；第五章在军事行动中救下主角；第六章选择退伍或再战,瘦削的中年军人，面容枯槁却肌肉如铁，满身旧伤，目光空洞而温和,Art/Portraits/portrait_018
刘炮生,炮兵指挥官，技术狂人,陆军青壮派,非同学NPC,偏执、狂热、粗犷、骄傲、暴躁,铸炮匠人之后，自幼在铁水与硝烟中长大。对火炮有近乎病态的痴迷，能凭耳音判断炮膛裂纹。改良火炮射程三成，却因'奇技淫巧'之讥迟迟不得升迁。脾气火爆如他铸的炮，一言不合即雷霆大怒，唯独面对女儿刘小炮时化为绕指柔。,炮火之魂:参观刘炮生的火炮工坊;射程极限:帮其测试新型远程火炮;铸炮之秘:发现其火炮配方中的秘密;父女炮术:协调其与刘小炮的分歧;最后一炮:在内战关键战役中为其校准炮击,第三章展示改良火炮威力；第五章因技术泄密遭调查；第六章以火炮技术决定要塞攻防,壮硕如炮筒的中年人，满脸火药灼痕，着黑色工装，腰挂铜制测距仪,Art/Portraits/portrait_019
陈骑风,骑兵军官，速度战术信仰者,陆军青壮派,非同学NPC,骄傲、灵动、浪漫、鲁莽、自由,草原上长大的汉印混血儿，自幼在马背上度日。入伍后凭骑射天赋速升骑兵校尉，信奉'天下武功唯快不破'。性格浪漫如风，爱在冲锋时高歌，恨在壁垒后枯坐。与干城派的大陆军理念若即若离——他要的是策马天地间，不是蹲壕沟守阵地。,疾风之骑:与陈骑风进行骑术竞速;草原之约:陪其赴草原与印第安骑手交流;快与慢:在战术辩论中与他探讨速度与防御;风中骑士:在其负伤后照料其爱马;最后一冲锋:在决战中与其并肩冲锋,第二章在演习中展示骑兵突击；第四章因擅离职守被罚；第六章率骑兵执行关键迂回,英气勃发的青年军人，面容混血，发束马尾，着轻骑兵皮甲，身姿矫健如猎豹,Art/Portraits/portrait_020
杨守边,边防军需官，务实派,陆军青壮派,非同学NPC,精明、务实、圆滑、世故、可靠,商人家庭出身，因家道中落而从军。凭算账本事从伙夫升到军需官，深谙'兵马未动粮草先行'之理。在朝堂派系斗争中从不站队，只认'谁给钱谁就是主'。表面油滑，实则心中有数——他的粮草是前线兄弟的命。,粮草先行:帮杨守边筹措一批紧急军需;两头拿钱:发现其同时收取两派经费;守边的底线:在物资紧缺时逼其表态;最后一车粮:在内战前夕抢运决定性粮草;务实的选择:在绝境中听其说出真正立场,第三章因军需分配与韩忠义冲突；第五章在两派间周旋求存；第六章以粮草归属影响战局,精瘦的中年人，小眼睛滴溜溜转，着半旧军服，袖口总记着账目,Art/Portraits/portrait_021
许医官,军医主管，悲天悯人,陆军青壮派,非同学NPC,慈悲、疲惫、执拗、清醒、温和,原是民间郎中，因边境战事惨烈而被征入军中。二十年军医生涯，截肢缝合无数，却始终无法习惯死亡。每个伤兵离世，他都会记下姓名和家乡。在主战派中是异类，在厌战者中是依靠。他不说反战之言，只在手术台前沉默地与死神拔河。,医者仁心:协助许医官救治一批重伤员;亡者名单:帮其整理阵亡将士名册送达家属;药草之路:随其入山采药遭遇危险;最后一刀:在绝境中为其提供手术抉择建议;活人之书:支持其编写军医手册的请求,第三章在战后展现医疗惨状；第五章因反对无谓牺牲与上级冲突；第六章在内战伤兵前做出抉择,清瘦疲惫的中年人，眼袋深重，手指修长但常沾血迹，着灰白医官服,Art/Portraits/portrait_022
魏连长,模范连长，底层军官代表,陆军青壮派,非同学NPC,耿直、刚正、倔强、护短、朴实,农家子弟，从列兵一步步做到连长，是军中最常见的底层军官缩影。治军严格却爱兵如子，连里兄弟犯事他顶，兄弟立功他推。不求升官发财，只求手下兄弟活着回家。在军官会议上敢当面顶撞上官，因此二十年了还是连长。,连长的一天:跟班体验魏连长的日常军务;顶撞之后:帮其化解因直言犯上惹的祸;兄弟连:在其连队遭遇埋伏时驰援;连长的倔强:在命令与良知冲突时支持他;最后一班岗:在内战分兵时陪他站最后一班岗,第三章带学员体验基层军旅；第五章因抗命被关押；第六章率连队响应主角号召,皮肤黝黑的壮实军人，面容朴实，着基层军官制服，手掌粗糙有茧,Art/Portraits/portrait_023
秦百总,老兵油子，经验丰富,陆军青壮派,非同学NPC,油滑、世故、精明、胆小、忠诚,从军三十年，熬走了六任上司，却始终在百总位置上纹丝不动——不是升不了，是不想升。升了官要扛责，百总刚刚好：大事有上司顶着，小事自己捞点油水。嘴上总说'活命要紧'，可当年真到了战场上，这个'胆小鬼'却三次把战友从死人堆里拖出来。,油条的智慧:向秦百总学习军中生存之道;偷天换日:帮其偷运一批违禁品打点关系;真面目:在危难中见识其隐藏的勇毅;老油条的赌注:在内战时押注其站队选择;三十年的秘密:发现其隐藏的战场勋章,第二章教主角军中人情世故；第四章因贪小被卷入阴谋；第六章关键时刻显露真性情,精瘦矮小的老兵，满脸褶子，眼睛笑起来成缝，着半旧军服，腰别旱烟袋,Art/Portraits/portrait_024
高文举,军事记者，鼓吹大陆军主义,陆军青壮派,非同学NPC,雄辩、尖锐、理想主义、偏激、才华横溢,秀才出身，科场失意后投笔从戎，因体弱不堪前线而转做随军文书。笔锋却比刀锋更利，其所撰《大陆军论》一文轰动朝野，被干城派奉为檄文。言辞激烈不留情面，为大陆军主义摇旗呐喊不遗余力，却也常因偏激而树敌无数。,笔锋如刀:为高文举的军事评论提供素材;大陆军论:协助其撰写系列政论文章;舆论战场:在论战中为其提供论据支持;文人的枪:在其遭暗杀威胁时保护他;最后一篇社论:在其绝笔文章发表时见证,第二章发表《大陆军论》引爆舆论；第五章因批评皇帝遭禁言；第六章以笔为枪影响战局,瘦高文人，面容清癯如刀削，着儒衫外套军装，手持毛笔如执剑,Art/Portraits/portrait_025
李婉清,二年级学姐，李将军之女,陆军青壮派,同学NPC,骄傲、坚韧、独立、要强、温柔,将门虎女，自幼在军营中耳濡目染，骑射兵器样样精通。入学成绩年级第一，武艺考核无人能出其右。外表冷傲拒人千里，实则因'将军之女'标签而负重前行——每一步都必须证明自己不只是靠父亲。与父亲关系复杂：既崇拜又抗拒。,学姐的考验:通过李婉清设下的入伙考验;父女的距离:帮其与李承恩将军沟通;将门之女:在挑战赛中助其击败质疑者;骄傲与脆弱:在她受伤时看到另一面;学姐的选择:在她与父亲决裂时给予支持,第一章以学姐身份指点主角；第三章与父亲爆发冲突；第六章在派系斗争中独立抉择,英气少女，高马尾，眉目凛然，着学院制服外披骑兵短氅，腰悬短刀,Art/Portraits/portrait_026
王大胆,老兵之子，性格鲁莽,陆军青壮派,同学NPC,鲁莽、勇敢、粗犷、仗义、心大,其父是魏连长的老部下，自幼在军营家属院中撒野长大。不识几个字，打架却从没输过。入学全凭一身蛮力和老爹的面子。天不怕地不怕，唯独怕鬼——每次夜间行军都死死抓住旁边人的衣角。口头禅是'怕个鸟'，说完通常就闯祸了。,大胆闯祸:帮王大胆收拾又一次闯下的烂摊子;夜行军:陪他克服怕鬼的心病;蛮力与巧劲:教他用脑而非只用拳头;老兵的儿子:在其父受处分时安抚他;大胆的选择:在绝境中看他是否真大胆,第二章因打架被罚关禁闭；第四章在实战演习中英勇负伤；第六章在战火中证明勇气,粗壮少年，满脸青春痘，头发剃短，着制服总敞着怀，笑起来大咧咧,Art/Portraits/portrait_027
张弓,猎户出身，弓术精湛,陆军青壮派,同学NPC,沉静、敏锐、寡言、孤傲、自在,北境猎户之子，自幼以弓箭谋生，百步穿杨不过是吃饭本领。因在边防军弓术比试中力压全部军官而被特招入学。不善言辞，不合群，总独自在靶场练箭。旁人觉其孤傲，实则他只是不知道如何与这些世家子弟相处——他的世界只有弓弦与靶心。,猎人之眼:向张弓学习野外追踪技巧;百步穿杨:在射击比赛中与其搭档;两个世界:带他融入学院的社交圈;猎人的直觉:在危机中依靠其警觉脱险;箭在弦上:在其面临道德抉择时助其决断,第二章在射击赛一鸣惊人；第四章用弓术在实战中立功；第六章在关键一箭中做出选择,精瘦少年，肤色深褐，眼神如鹰，持长弓，指节因拉弦而变形,Art/Portraits/portrait_028
刘小炮,刘炮生之女，炮术天才,陆军青壮派,同学NPC,聪慧、倔强、好胜、专注、叛逆,铸炮匠人的孙女，从小在炮厂里玩炮弹壳长大。对弹道与火药有惊人直觉，十三岁即能算出炮弹落点。入学是为证明'女子也能打炮'，与父亲的保守观念针锋相对。上课时算数无敌，体能测试勉强及格，考试总在草稿纸上画弹道曲线。,炮术少女:在靶场见识刘小炮的炮术天赋;父女争论:调解她与刘炮生的代际冲突;弹道之美:听她讲述弹道计算的乐趣;偏心:在其因性别遭受歧视时仗义执言;天才的选择:在她面临留校与赴前线抉择时给出建议,第三章以炮术破局演习；第五章与父亲决裂加入前线；第六章在攻城战中一炮定音,娇小少女，戴护目镜，手指沾满火药灰，着大一号工装，眼中闪着计算的光,Art/Portraits/portrait_029
杨石头,矿工之子，力大无穷,陆军青壮派,同学NPC,憨厚、沉默、力气大、自卑、忠厚,矿山苦力之子，自幼随父凿石挖矿，练出一身蛮力。入学靠的是举石锁的记录——三百斤石锁举过头顶，教官当场拍板录取。不善读书，考试全靠死记硬背。沉默寡言，被人欺负也不还手，只因怕自己的力气伤人。唯一的一次出手，是替被欺凌的同学挡了一拳。,石头的力量:在搬移重物任务中见识其怪力;山中少年:陪其回矿区探望受伤的父亲;沉默的守护:在其被嘲笑时替他说话;力与智:教他用巧力而非蛮力;石头的心:在危机中看他迸发出隐藏的勇气,第一章因力大被推举做体力活；第四章为保护同学受伤；第六章以蛮力完成不可能的任务,壮硕如铁塔的少年，面容憨厚，手掌粗大如蒲扇，着紧绷的制服，总怕弄坏东西,Art/Portraits/portrait_030
阿黑·雷鸟,最大部落联盟酋长，伊尔德之父,印第安乡党,非同学NPC,威严、深沉、老谋、隐忍、矛盾,年轻时是部族最勇猛的猎手，却在一场瘟疫中失去三个兄弟。悲痛化为智慧，他学会在汉人与部族间走钢丝——既不激怒朝廷，也不让族人的利益被蚕食。送子入学院是他的赌注：若伊尔德能融入汉人体系，或许能走出第三条路。,酋长的考验:接受阿黑·雷鸟的部落式考验;两个世界:在汉人与部落间为其传递信息;酋长的赌注:理解其送子入学的深层意图;联盟之锚:帮其在部落联盟中维系权威;最后的篝火:在其部落面临存亡时做出抉择,第二章在部族会议上发声；第四章面临朝廷征地令；第六章决定部落联盟的最终立场,雄壮如山的老年酋长，深褐皮肤，两道长辫缀鹰羽，面纹如河，目光深邃,Art/Portraits/portrait_031
白羽·鹿灵,部落大祭司，精神领袖,印第安乡党,非同学NPC,神秘、悲悯、远见、孤高、执着,自幼被选为祭司学徒，通晓天地之礼与祖先之语。在部族信仰被汉文化冲击之时，她选择融合而非对抗——将汉人的节气历法融入祭祀，以'天命在民'诠释部族之权。世人只道她是通灵巫婆，不知她是部族最清醒的政治头脑。,祭司的预言:聆听白羽·鹿灵关于时代巨变的预言;天地之礼:参与部族祭祀见证其精神力量;融合之路:帮其在传统与汉化间找到平衡;鹿灵之叹:听其讲述部族文化的消逝;最后的仪式:在其生命终章见证最终祭祀,第二章以预言影响部族立场；第四章用精神力量阻止部族内战；第六章以祭祀引导命运走向,白发苍苍的老祭司，面纹繁复如经卷，着白羽鹿皮袍，手持骨杖，目光通灵,Art/Portraits/portrait_032
金鹿·商路,印第安商人领袖，跨族贸易网,印第安乡党,非同学NPC,精明、圆滑、豪爽、贪婪、远见,幼时随汉商学习算术，后以毛皮贸易起家，建立横跨三族的商业网络。汉人称其'红番贾谊'，印第安人骂其'白心蛮子'。他不在乎——黄金与毛皮不讲族裔，市集才是他的战场。在派系斗争中两面下注，因为他知道无论谁赢，生意总要做的。,商路之约:与金鹿·商路达成跨族贸易协议;三面间谍:发现其向三方贩卖情报;商人的赌注:在市场动荡时助其保住商业网络;金鹿之道:听其讲述跨族经商的生存哲学;最后一笔交易:在内战前夕完成决定性的物资交易,第三章在贸易争端中斡旋；第五章因走私被通缉；第六章以商业网络影响战局后勤,壮硕的印第安商人，着汉式绸袍外套毛皮坎肩，戴金链挂玉佩，笑容豪爽,Art/Portraits/portrait_033
灰鹰·草灵,印第安传统医师，中西医学融合,印第安乡党,非同学NPC,沉静、博学、好奇、温和、执念,部族医师世家第七代传人，自幼辨识百草、通晓经络。一次偶然救治了受伤的汉人医官，得以接触汉方医学，如获至宝。此后二十年间游走于两套医学体系之间，以印第安草药补汉方之短，以汉方理论统部族之散。著有《草木合编》，却被两方医者各自排斥。,草木合编:帮灰鹰·草灵收集稀有药材;两方医者:在其医学融合受阻时给予支持;瘟疫来袭:在流行病爆发时助其用融合医术救人;医者无界:替其在汉人医馆争取行医资格;最后的处方:在其病重时帮其完成遗著,第三章以融合医术控制瘟疫；第五章因行医资格被吊销而抗争；第六章以医术在内战中救死扶伤,清瘦的中年印第安人，着鹿皮袍外披汉式药褂，腰悬草药袋，眼神温和专注,Art/Portraits/portrait_034
红狐·追风,猎人大师，荒野生存专家,印第安乡党,非同学NPC,机警、野性、孤僻、敏锐、自由,传说中能追踪三天前兔迹的猎人，从不与人结伴，只在荒野中自处。曾受雇于边防军担任追踪教官，却因不服从军纪而被逐。他教会无数汉人士兵如何在荒野生存，自己却永远不属于任何营地。自由如风，谁也拴不住红狐。,狐踪:跟随红狐·追风学习荒野追踪术;野性呼唤:在丛林中与其共同求生;不驯之狐:在军方欲强征其入伍时帮其脱身;猎人与猎物:在敌方追兵中与其配合逃脱;风中归途:在其迷失方向时助其找到精神归处,第三章教授主角荒野生存；第五章在丛林追击中力挽狂澜；第六章选择站在哪一方,精瘦如狐的印第安男子，红褐皮肤，眼角纹深，着皮甲猎装，身形灵动无声,Art/Portraits/portrait_035
月影·水灵,女酋长，主张和平共存,印第安乡党,非同学NPC,温和、坚定、智慧、包容、果决,其夫原为部落酋长，在汉印冲突中阵亡，族人群龙无首之际她挺身而出。以女子之身执掌部落，靠的不是武力而是远超常人的耐心与洞察。她相信两个民族可以共存——前提是汉人学会尊重，印第安人学会自保。她的部落是唯一与汉人城镇和平通商的部落。,月影之约:赴月影·水灵的部落参加和平谈判;寡妇酋长:听其讲述丧夫后扛起部落的故事;共存之道:帮其解决与汉人城镇的土地纠纷;女酋长的困境:在其被激进派质疑时给予支持;月下之盟:见证汉印和平协议的签署,第二章提出和平共存方案；第四章部落遭袭击信念动摇；第六章以和平协议影响终局,端庄的中年印第安女子，长发编辫垂肩，着素雅鹿皮袍，目光温柔而坚定,Art/Portraits/portrait_036
黑熊·地灵,部落长老会议主席，保守派,印第安乡党,非同学NPC,顽固、威严、守旧、多疑、责任感,四十年前曾亲历汉人军队驱逐其部族的惨事，从此对汉人绝不信任。执掌长老会议二十载，坚守'不接触、不融合、不退让'之三不原则。看似顽固不化，实则是在用最笨的方式保护部族——在他看来，任何妥协都是通往灭亡的滑坡。,地灵之怒:面对黑熊·长老对汉人的质询;三不原则:尝试说服其放弃保守路线;旧伤:听其讲述四十年前的驱逐惨事;长老的抉择:在部族存亡关头看其是否松口;地灵的最后通牒:见证其发出独立宣言,第二章反对任何与汉人合作；第四章驱逐汉人商人引发冲突；第六章宣布部落自治宣言,魁梧的老年印第安人，面容如岩石雕刻，双辫花白，着黑熊皮大氅，目光如炬,Art/Portraits/portrait_037
铜皮·双血,混血商人，连接两个世界,印第安乡党,非同学NPC,圆滑、自卑、机变、孤独、渴望认同,汉人商人与印第安女子的私生子，自幼在两个世界中都不是人。汉人叫他'半蛮'，印第安人称他'半白'。他用商人的精明在这两个世界间搭桥，却永远无法真正属于任何一边。最大的愿望不是财富——是有人叫他一声'自己人'。,双血之路:帮铜皮·双血在两族间传递和解信息;半蛮半白:陪其面对两族的排斥;桥梁:在其生意受阻时出谋划策;自己人:在关键时刻承认他是'自己人';双血的选择:在其必须选择立场时给予理解,第三章作为翻译参与谈判；第五章因双重身份被两方追杀；第六章以桥梁身份促成和解,面容混血的青年，肤色偏浅，着汉式短褂与鹿皮靴混搭，眼中常带忧郁笑意,Art/Portraits/portrait_038
蛇语·风灵,部落通译，语言天才,印第安乡党,非同学NPC,灵动、好奇、善辩、敏感、幽默,自幼对语言有惊人天赋，除母语外通晓汉语、西班牙语、法语及五六个部族方言。原是部族间的传话人，后成为汉印外交场合不可或缺的通译。她的翻译从来不是逐字直译——她会根据场合调整措辞，化干戈为玉帛。有人说她操纵语言，她说'语言本就活着'。,蛇语之舌:请蛇语·风灵翻译一份关键外交文件;语言之桥:在其帮助下与印第安人沟通;翻译的阴谋:发现有人在她的翻译中做手脚;风灵的笑声:在紧张谈判中用其幽默化解僵局;最后的翻译:在和平谈判中见证其最关键的翻译,第二章在汉印谈判中充当通译；第四章翻译失误引发危机；第六章在最终谈判中力挽狂澜,灵秀的印第安女子，嘴角常挂微笑，着绣花鹿皮裙，手指灵活如蛇，眼神机敏,Art/Portraits/portrait_039
独眼·鹰扬,走私贩，地下势力首领,印第安乡党,非同学NPC,阴鸷、精明、狠辣、义气、多疑,早年在部落冲突中失去左眼，从此以黑眼罩示人。表面是走街串巷的小贩，暗中却掌控着新京最大的走私网络——从印第安违禁药材到汉人军火，无所不经。与官府、军队、商帮均有千丝万缕的联系。信奉'有价有市即为合法'，却在走私物中夹带部族急需的药品。,独眼的交易:与独眼·鹰扬达成地下交易;走私之路:发现其秘密运输路线;鹰扬之眼:在其眼线被清除后帮其重建情报网;义贼:发现其走私药品救助部族的真相;最后的走私:在内战封锁中抢运救命物资,第三章以走私网络提供关键物资；第五章被军方围剿生死一线；第六章以地下势力影响战局,独眼印第安壮汉，左眼黑罩，满身伤疤，着暗色皮甲，腰悬短刀与钱袋,Art/Portraits/portrait_040
伊尔德·云石,同窗，部落首领之子,印第安乡党,同学NPC,沉稳、矛盾、骄傲、隐忍、聪慧,最大部落联盟酋长之子，背负全族期望入学。精通汉文却从不以此为傲——在他看来，学习汉人的知识不是臣服，而是知己知彼。在学院中沉默寡言，成绩优异却从不张扬。内心在父亲的期望与自己的判断间撕扯：是做部族的好儿子，还是做正确的事？,云石之心:理解伊尔德在两族夹缝中的挣扎;酋长之子:陪其面对部族事务的压力;知己知彼:与其交换对汉印文化的观察;裂缝:在汉印冲突中支持他的中间立场;云石的抉择:在他做出超越父命的选择时在场,第一章与主角建立友谊；第三章在汉印冲突中被两方拉拢；第六章做出改变部族命运的选择,深目高颧的青年，编发缀银饰，着学院制服外披毛皮肩甲，目光如云石沉静,Art/Portraits/portrait_041
花·鹿灵,白羽祭司之女，温柔聪慧,印第安乡党,同学NPC,温柔、灵慧、坚韧、敏感、直觉强,大祭司之女，自幼习祭祀之礼，有传闻她继承了母亲的通灵天赋。入学院是为学习汉人的天文历法以补祭祀之不足。温柔如水，却有着母亲般的坚定——当部族传统被侮辱时，她会用最温柔的语气说出最锋利的话。,灵花之语:听花·鹿灵讲述部族的创世神话;天象之书:帮其获取汉人天文历法典籍;温柔之刃:在其被侮辱时帮其化解冲突;祭司的女儿:陪其参加一次部族祭祀;花开有时:在其面临婚约与学业冲突时给予支持,第二章以灵性直觉预警危机；第四章为保护部族文化遗产抗争；第六章以祭祀仪式凝聚人心,清秀的印第安少女，长发编辫缀花饰，着学院制服内搭鹿皮绣衣，目光温柔而深远,Art/Portraits/portrait_042
鹰·雷鸟,阿黑酋长侄子，激进派青年,印第安乡党,同学NPC,激进、冲动、热血、傲慢、孤勇,酋长之侄，自视甚高却活在堂兄伊尔德的阴影下。对汉人有着近乎偏执的敌意——他的父亲在汉印冲突中丧生。入学不是为了融入，而是为了'从内部了解敌人'。在学院中常与汉人同学起冲突，被处罚也不悔改。他的愤怒是真的，孤独也是真的。,鹰之怒:化解鹰·雷鸟与汉人同学的冲突;敌人的知识:与其辩论学习汉人知识是否等于背叛;父仇:帮其调查父亲死亡的真相;孤鹰:在其被部族激进派利用时帮其看清真相;鹰的飞翔:在其放下仇恨时给予认可,第二章多次挑起汉印冲突；第五章被激进派利用引发暴力事件；第六章在仇恨与理性间抉择,英气逼人的印第安青年，面容棱角分明，鹰羽编发，着制服但常赤膊，目光如鹰隼,Art/Portraits/portrait_043
石·地灵,黑熊长老之孙，沉默寡言的防御型,印第安乡党,同学NPC,沉默、厚重、守成、固执、可靠,黑熊长老之孙，完美继承了祖父的顽固与沉默。入学是为学习汉人的筑城防御术——在他看来，最好的进攻就是让敌人攻不进来。体格如石，性格亦如石，少言寡语却从不缺席任何一场需要他的战斗。与激进派的鹰·雷鸟表兄形成鲜明对比。,磐石之心:与石·地灵共同构筑防御工事;沉默的力量:在关键时刻听他说出压箱底的话;祖父的教诲:在其与祖父理念冲突时做中间人;守成与进取:辩论保守与开放的利弊;石之抉择:在坚守与变通间看其选择,第二章在防御工事课程中崭露头角；第四章帮助加固部族防线；第六章以防御术决定要塞攻防,矮壮如石墩的青年，面容沉静如岩，着学院制服总是整整齐齐，双臂粗壮,Art/Portraits/portrait_044
溪·水灵,月影酋长之女，活泼开朗,印第安乡党,同学NPC,活泼、开朗、聪慧、好奇、乐观,女酋长之女，继承了母亲的外交天赋与乐观天性。在和平部落长大，见惯了汉印和睦相处的日常，因此无法理解激进派的仇恨。她是学院中最受欢迎的印第安学生——热情好客，笑声不断，擅讲故事。但活泼之下是母亲教给她的智慧：笑容是最好的盾牌。,溪水长流:与溪·水灵一起探索新京周边;笑声之盾:在她用幽默化解冲突时给予支持;酋长女儿的秘密:发现其活泼外表下的政治观察力;和平的种子:帮其组织汉印学生联谊活动;溪流的去向:在其面临回家还是留下的抉择时给予理解,第一章以热情打破汉印学生隔阂；第三章组织跨族联谊缓解紧张；第六章以和平行动影响终局,活泼的印第安少女，笑靥如花，双辫缀珠，着学院制服外搭彩绣披肩，眼神明亮,Art/Portraits/portrait_045
黄道周,新科大学院长，启蒙思想传播者,自由派,非同学NPC,睿智、开明、隐忍、坚毅、温和,少年时偶然得到一本来自欧洲的启蒙著作译本，从此灵魂被点燃。以科举入仕，却在官场中格格不入，终因上书言事被贬。后受邀主持新科大学，将启蒙思想融入教学，被视为自由派精神教父。他从不激进——深知在这片土地上，思想必须如水般渗透而非如火般灼烧。,启蒙之光:在黄道周指导下阅读启蒙著作;大学之辩:参与其主持的学术辩论会;火与水:与其讨论激进与渐进改革之路;院长遗愿:在其被罢免时帮助保全大学;最后的课堂:旁听其被驱逐前的最后一堂课,第二章以学术影响力推动改革讨论；第四章被朝廷施压免职；第六章以思想遗产影响终局,清癯儒雅的老者，银发整洁，着学院院长袍，手持书卷，目光温和而深远,Art/Portraits/portrait_046
陆启明,启蒙思想家，著书立说,自由派,非同学NPC,犀利、孤傲、偏执、才华横溢、刻薄,天才型学者，二十岁即写出《民权论》一文，掷地有声，轰动朝野。此后著述不断，笔锋犀利如刀，直指专制弊病。然其人孤傲刻薄，不善交际，与同派中人亦常龃龉。黄道周是他的知音也是对手——一个主张渐进，一个主张疾进，二人之争映射自由派内部分裂。,民权之路:阅读陆启明的著作并与其辩论;疾进与渐进:在其与黄道周争论时选择站队;笔锋之下:帮其将新著秘密出版;流亡之路:在其遭通缉时助其逃离;最后的文章:在其绝笔中读出对时代的最终判断,第二章发表激进言论引发风暴；第五章因著述被通缉流亡；第六章以遗著点燃革命之火,瘦削如鹤的中年文人，面容冷峻，着旧式长衫，握笔如握剑，目光如炬,Art/Portraits/portrait_047
白铁笔,报纸主编，舆论之王,自由派,非同学NPC,敏锐、世故、狡猾、勇敢、贪名,从抄写员做起，凭一手文章白手起家创办《新风报》，成为新京最有影响力的舆论阵地。懂得什么该写什么不该写，什么先写什么后写——舆论是刀，出鞘须有时。表面是自由派吹鼓手，暗中与各派系都有交易。但他底线明确：绝不替暴政辩护。,铁笔之言:向白铁笔提供有价值的新闻线索;舆论之战:在报端论战中为其阵营摇旗呐喊;红线:发现其报道中的自我审查与隐秘立场;铁笔的选择:在报馆被封时助其决定是否继续发声;最后一期:见证《新风报》的最后或新一期,第二章以舆论推动改革议题；第五章报馆被查封；第六章以地下印刷影响战局舆论,精干的中年人，戴圆框眼镜，着灰色文人长衫，手指永远沾墨，嘴角带冷笑,Art/Portraits/portrait_048
孟立新,议会运动支持者，演讲家,自由派,非同学NPC,雄辩、激情、理想主义、冲动、蛊惑,出身市井，无家世无学历，唯有一副好口才。从街头说书人成长为议会运动的演说家，他能让铁匠流泪、让商人慷慨、让士兵动摇。然而雄辩之下是理性的欠缺——他擅长点燃激情，却不知如何在烈火中建立秩序。从鼎新派逐渐倾向革故派，因为他享受山呼海啸的感觉。,广场之声:在孟立新的集会上发表支持演讲;群众之路:随其深入民间了解疾苦;煽风与点火:在其演讲引发暴动时做出抉择;演说家的困境:在其被逮捕时决定是否营救;最后的演说:见证其最壮烈的一次公开演讲,第二章在学院发表议会演说；第四章因煽动群众被通缉；第六章在街头演说中改变局势,壮硕的中年人，声如洪钟，着平民短褐，挥拳演讲时青筋暴起,Art/Portraits/portrait_049
何清风,寒门出身的县令，亲民官,自由派,非同学NPC,正直、务实、清廉、刚硬、倔强,农家子弟，苦读科举出仕，被派至边远小县。上任后推行减税、兴学、平冤狱，得罪了本地豪绅却赢得了民心。被自由派视为'活着的理想'，被权贵视为'不知死活的刺头'。他的存在证明了一件事：清官不是没有，只是活不长。,清官之路:赴何清风治下小县考察政绩;豪绅之围:帮其抵抗本地豪绅的联合打压;民告官:在其被诬告时帮其搜集自证清白的证据;清官的代价:在其家产被抄时见证清廉的真相;最后的县令:在其被罢免时送别,第三章以政绩证明改革可行；第五章遭诬陷被革职；第六章以民间声望影响选边,朴素的中年人，面容清癯，着旧官服补丁多处，手持账册，目光坚定,Art/Portraits/portrait_050
叶秋霜,女权先驱，主张男女平等,自由派,非同学NPC,刚烈、锋利、前卫、偏激、孤勇,商人之女，自幼被禁止读书，偷学后竟才学过人。嫁人后因'牝鸡司晨'被休，此后立誓为女子争一口气。创办女子私塾，撰写《男女平权论》，在街头痛斥'女子无才便是德'。被男人辱骂，被女人非议，却从未退缩。她说：'我来世上，不是为了做谁的附属。',平权之声:参加叶秋霜的女子私塾公开课;牝鸡司晨:在其被围攻时仗义执言;平权论:帮其传播《男女平权论》;女子的战场:在其办学经费被断时筹集资金;秋霜不凋:在其被流放时送行并承诺继志,第三章引发男女平权大辩论；第五章因办学被驱逐；第六章以平权理念影响新政,锐利的中年女子，面容清冷，着深色男式长衫，短发利落，目光如霜,Art/Portraits/portrait_051
贾善贾,商人领袖，自由派金主,自由派,非同学NPC,精明、慷慨、投机、圆滑、有野心,白手起家的巨商，从挑担货郎做到新京商帮之首。资助自由派不是出于理想——他需要打破贵族垄断的贸易特权。在他看来，自由市场就是最好的自由，民主不过是生意畅通的工具。然而长期的资助让他逐渐被理想感染，商人开始有了信念。,善贾之金:替贾善贾传递资助款项;商人的算盘:发现其资助自由派的真正动机;金与义:在其商业利益与自由派理念冲突时做选择;善贾的赌注:在内战前夕看其是否继续下注;最后的生意:帮其在战乱中保住商业网络,第三章资助《新风报》扩大发行；第五章在两派间两头下注被揭穿；第六章以财力决定某一方的物资供应,富态的中年商人，圆脸常笑，着华贵绸袍，手转玉珠，眼底精光闪烁,Art/Portraits/portrait_052
宋公道,民间律师，为平民辩护,自由派,非同学NPC,执拗、正义、口吃、勇敢、悲悯,自幼口吃，被同乡讥为'结巴讼棍'，却凭一支笔一张嘴在公堂上为无数穷人打赢了官司。他信的不是皇帝的法律，而是'公道'二字——法律若不公道，便要改法律。与法治派的区别在于：他替弱者改法，法治派替强者用法。,公道之声:旁听宋公道为平民辩护的庭审;结巴讼棍:在其因口吃被法官嘲笑时支持他;法律的裂缝:帮其找到不公正法律条文的漏洞;公道与法律:在其与法治派律师对簿公堂时助阵;最后的辩护:在其因'犯上'被审判时为他辩护,第三章为印第安人辩护引发关注；第五章因挑战法律被逮捕；第六章在审判中撼动司法体系,瘦削的中年人，面容焦虑，着旧式讼师袍，说话时努力克服口吃，目光执着,Art/Portraits/portrait_053
温改良,工技派，主张技术救国,自由派,非同学NPC,务实、执着、沉默、创新、不谙政治,铁匠之子，自幼痴迷机械，青年时远赴欧洲偷师学艺，归国后在新京创办工技坊。信奉'技术改变一切'——不必争什么主义，只要造出更好的犁、更快的船、更强的炮，一切问题迎刃而解。然而政治从不因技术而缺席，他的工坊终被各方势力觊觎。,改良之路:参观温改良的工技坊并见证新发明;技术中立:在其工坊被各方争夺时帮其维持独立;铁与火:帮其测试新型武器的性能;改良的代价:在其因技术泄密被调查时保护他;最后的发明:见证其完成改变战局的发明,第三章展示新式火器引发军方关注；第五章工坊被各派争夺；第六章以技术突破决定战局,壮实的中年人，满手老茧烫伤，着皮围裙工装，腰挂工具，目光专注,Art/Portraits/portrait_054
丁新学,年轻学者，激进革故派,自由派,非同学NPC,激进、偏执、才华横溢、孤僻、狂热,天才少年，十六岁即入大学任助教，对旧制度深恶痛绝。在他看来，渐进改良不过是慢性自杀——只有彻底推翻旧制才能建立新天。其言辞如烈火，吸引无数青年追随，也让无数人恐惧。孤僻到近乎病态，除学术与革命之外不关心任何事——包括自己的安危。,新学之路:参加丁新学的秘密读书会;烈火文章:帮其散发地下革命传单;狂人与先知:在其激进主张引发暴力时做出判断;革故之路:在其计划武装起义时决定是否加入;新学的终局:在其走投无路时给予最后的选择,第二章在学院传播激进思想；第五章策划武装行动失败；第六章以极端方式推动革命,苍白消瘦的青年学者，戴圆框眼镜，着黑色学袍，目光狂热，手指因写作而变形,Art/Portraits/portrait_055
林素心,同窗，图书馆常客，学者之女,自由派,同学NPC,沉静、博学、独立、隐忍、倔强,学者之女，自幼在书斋中长大，经史子集烂熟于心。入学不为仕途，只为求真知。终日泡在图书馆，与书为伴，被同窗戏称'书蛀'。表面温婉如水，内心却有一座火山——她读的每一本书都在告诉她：这世界不对。与苏明诚一静一动，是自由派同学的阴阳两面。,书蛀之约:与林素心在图书馆共读启蒙著作;静水流深:发现其温婉外表下的激进思想;知识与行动:在其与苏明诚争论'知行'时选择立场;素心之志:帮其完成一篇改革论述;燃烧的书页:在其藏匿禁书被发现时施以援手,第一章以知识引导主角思考；第三章因传播启蒙思想被警告；第六章以思想影响终局选择,清秀文静的少女，长发如瀑，着学院制服内搭素色衣领，手持书卷，目光清明,Art/Portraits/portrait_056
苏明诚,同窗，平民出身激进派,自由派,同学NPC,热血、刚烈、偏激、真诚、冲动,市井小贩之子，从小看尽底层疾苦。入学靠的是全额资助——他本不配踏入贵族学堂，是黄道周破格录取。对特权阶层有天然的敌意，对不公之事绝不沉默。与林素心一火一水，常因'改良还是革命'争论不休。真诚到近乎天真——他相信只要推翻旧制，一切就会变好。,街头之子:随苏明诚深入市井了解民间疾苦;火与水:调解他与林素心的路线之争;热血与冷脑:在其冲动行动前帮其三思;平民的愤怒:在其组织学生抗议时决定加入与否;明诚之路:在其走向极端时做出最后的劝阻或追随,第二章在学院中发起抗议运动；第五章策划学生行动被捕；第六章在出狱后走上更激进之路,黑瘦的少年，面容倔强，着洗旧的学院制服，袖口磨白，目光灼灼,Art/Portraits/portrait_057
何小满,何清风之女，正义感强,自由派,同学NPC,正直、爽朗、莽撞、侠义、倔强,清官何清风之女，自幼随父在小县长大，见过最真实的民生疾苦。性格爽朗如男儿，路见不平必拔刀相助——有时是物理意义上的拔刀。入学后因仗义出手常被罚，却从不悔改。最大的恐惧是变成父亲那样的人——正直到一无所有。,小满之怒:在何小满打抱不平时决定帮谁;清官的女儿:陪其探望被革职的父亲;正义的代价:在其因仗义而受处分时给予支持;小满的恐惧:发现她害怕成为父亲的矛盾;侠义之路:在其面临'正义还是生存'的抉择时给予理解,第二章因仗义出手结识主角；第四章父亲被革职受打击；第六章在正义与生存间抉择,英气的少女，短发利落，着学院制服袖口挽起，拳头上常缠绷带，笑容爽朗,Art/Portraits/portrait_058
丁新芽,丁新学之妹，思想激进,自由派,同学NPC,锐利、聪慧、叛逆、敏感、偏激,丁新学之妹，自幼在兄长的书堆中长大，耳濡目染革命思想。比兄长更激进也更灵活——丁新学是理论家，她是行动派。入学后以笔为刀，在学院壁报上匿名发表犀利文章，被称为'暗夜之笔'。崇拜兄长却也暗中较劲——她要证明自己不只是某人的妹妹。,暗夜之笔:发现丁新芽就是壁报匿名作者;兄妹之道:调解她与丁新学的理念分歧;笔与剑:在其从笔战走向行动时做出选择;新芽破土:帮其发表一篇震动学院的公开信;妹妹的独立:在其脱离兄长阴影时给予认可,第三章匿名文章引发学院风暴；第五章被查出身份遭处分；第六章以笔为武器影响舆论,瘦削锐利的少女，短发齐耳，戴黑框眼镜，着学院制服总扣到最上面，目光如针,Art/Portraits/portrait_059
叶半亩,叶秋霜侄女，文艺少女,自由派,同学NPC,浪漫、敏感、才华横溢、脆弱、理想主义,叶秋霜之侄女，自幼受姑母影响，却走了不同的路——她不争辩，她创作。以诗歌、戏剧、绘画传播自由思想，被称为'新京小才女'。作品表面风花雪月，内里暗藏锋芒。敏感如蝶翼，在学院里如同活在玻璃罩中——美丽而易碎，却始终在飞。,半亩花田:欣赏叶半亩的诗歌与画作;暗藏锋芒:发现其作品中的隐秘政治寓意;玻璃之蝶:在其作品被审查时帮其保全;才女的选择:在其被求婚与创作间犹豫时给予理解;最后的作品:在其创作出最伟大的作品时见证,第二章以文艺作品引发思考；第四章作品被禁遭打击；第六章以艺术作品凝聚人心,纤细如蝶的少女，长发作花环，着学院制服外搭绣花披肩，手持画笔，目光如梦,Art/Portraits/portrait_060
吴存道,教授，法治派精神领袖,法治派,非同学NPC,深沉、威严、精于算计、冷酷、自律,法家信徒，自幼研读韩非商君，深信'法者国之重器'。入学院执教后以铁律治学闻名——迟到者罚，违纪者逐，无人敢犯。然其法非为民之法，乃为权之法——法律是强者治天下的工具，而非弱者求公道的盾牌。与返乡团暗中结盟，以法理论证皇权扩张之正当。,存道之课:旁听吴存道的法家经典课;法与权:与其辩论法律的本质是治民还是治国;铁律:在其严惩违纪学生时选择求情或沉默;存道之谋:发现其暗中操弄学院规则的证据;道之终局:在其政治图谋被揭露时面对最终对峙,第二章以铁律控制学院秩序；第四章与返乡团结盟扩张权力；第六章图谋暴露后做最后博弈,阴鸷的中年教授，面容如铁，着黑色学袍，双手交叠身后，目光如审,Art/Portraits/portrait_061
陈父,大理寺卿，法治派政治核心,法治派,非同学NPC,权谋、深沉、严厉、骄傲、护短,世家大族之长，执掌大理寺二十年，朝中无人敢触其锋。以'法不阿贵'自诩，实则法律在他手中如刀——看谁不顺眼便往谁脖子上架。与吴存道一内一外，把持司法与学术两界。独子陈敬之是其最大的骄傲，也是最深的软肋。,寺卿之威:被陈父召见并接受'善意'警告;法刀之利:目睹其以法律手段整垮政敌;父子:在其与陈敬之关系恶化时做中间人;寺卿的软肋:发现其不为人知的弱点;最后的审判:在其被反噬时见证审判反转,第二章以司法权打击政敌；第四章与吴存道联手控制学院；第六章在权力翻转中被审判,威严的中年贵官，面容如判官，着紫色官袍，手持令箭，目光凌厉,Art/Portraits/portrait_062
徐法官,最高法院大法官,法治派,非同学NPC,刻板、公正（表面）、冷酷、精密、偏执,法律条文的活字典，能背出建国以来每一道法令。以'如律令'为口头禅，判案从不逾规半步。表面公正无私，实则法律在他手中是可以精密操控的工具——只要找到合适的条文，黑可判白，白可判黑。对法律本身的信仰，远大于对正义的信仰。,如律令:旁听徐法官的庭审感受'精准'的司法;条文之谜:发现其对法律条文的创造性解释;公正的面具:在其判决明显偏袒时搜集证据;法官的抉择:在其被要求做出不公判决时观察其反应;最后的法槌:在其做出改变历史的判决时在场,第三章以法律手段压制自由派；第五章在关键审判中偏袒权贵；第六章在终审中做出历史性判决,消瘦的老法官，面容如刻，着黑色法袍，手持法槌，眼神冰冷精密,Art/Portraits/portrait_063
田万亩,大地主，法治派经济后盾,法治派,非同学NPC,贪婪、精明、吝啬、势力、粗俗,从一亩薄田起家，靠兼并、贿赂、诉讼夺地万亩，成为新京最大地主。资助法治派只为保住自己的土地——'私有产权神圣不可侵犯'是他唯一信奉的教条。然而他的'神圣不可侵犯'只适用于自己的地，别人的地则是'价高者得'。粗俗的外表下是精于计算的商人头脑。,万亩之主:参观田万亩的庄园见识贫富悬殊;地契之谜:发现其兼并土地的非法手段;贪婪之壁:在其土地被征用时看其反应;田亩的选择:在其利益与法治派路线冲突时观察其站队;最后的田契:在其田产被没收时见证结局,第三章以土地兼并引发民怨；第五章因征地令与返乡团决裂；第六章以田产归属影响战局,肥硕的地主，面如满月，着华贵绸袍，手把田契，眼缝中精光闪烁,Art/Portraits/portrait_064
程夫子,法家学者，书院山长,法治派,非同学NPC,博学、偏执、迂腐、傲慢、执念,一生钻研法家典籍，著有《韩非新注》《商君精义》，为法治派提供学术根基。在书院中以法家经典授徒，弟子遍布朝堂。然其学问非为经世致用，而是为证明'法家高于一切'——他不在乎天下如何，只在乎'道'在理论上是否自洽。是最纯粹也最危险的法家信徒。,法家之堂:旁听程夫子的法家经典课;道与术:与其辩论法家学说的利弊;经师与人师:发现其只讲理论不顾现实的问题;夫子之怒:在其学术地位被挑战时观察其反应;最后的经义:在其学说被现实击碎时的反应,第二章在学术层面论证法治派合法性；第四章与黄道周的公开辩论；第六章在变局中坚持理论至死,古板的老儒，须长及胸，着旧式深衣，手持竹简，面容固执如石刻,Art/Portraits/portrait_065
蒋军法,军法处长官，铁面无私,法治派,非同学NPC,铁面、冷硬、原则性极强、偏执、孤独,以军法如山闻名全军——无论贵贱，犯法即惩。曾将一位将军之子按军法处置，从此无人敢在其面前托人情。然而铁面之下是深深的孤独——他不与任何派系亲近，不参加任何宴饮，独居军法处如独守孤城。因为他知道：法律若有一丝人情，便不再是法。,铁面军法:目睹蒋军法处置违纪将士;法外之情:在铁面下发现其对无辜者的隐秘怜悯;军法之争:在军法与军令冲突时支持其立场;铁面的裂缝:发现其唯一一次法外开恩的真相;最后的裁决:在其面临法与义的两难时见证裁决,第三章以军法处置主角同伴引发冲突；第五章在军令与法律冲突中选法律被免职；第六章以法理裁定战争责任,冰冷的中年军人，面无表情如铁铸，着军法官黑袍制服，目光如钉,Art/Portraits/portrait_066
庄不群,法治派谋士，深藏不露,法治派,非同学NPC,阴沉、多谋、深藏、冷酷、耐心,出身不详，来历不明，如同从暗处生长的藤蔓。在法治派中从幕僚做起，从不在台前露面，却是每一次重大决策的真正推手。擅长以最小代价换取最大利益，将人视为棋子，将法律视为棋盘。唯一的弱点是其子庄谋——他可以算计天下人，却算不清父子之情。,暗手:发现庄不群在幕后操纵的痕迹;棋局:与其在棋盘上推演政治博弈;不群之谋:揭开其一个隐藏的政治阴谋;父与谋:在其对庄谋的操控被发现时对峙;最后的棋子:在其自己成为棋子时的反应,第二章暗中操控学院选举；第五章策划政变失败后隐遁；第六章以暗手做最后博弈,阴鸷的瘦削男子，面容如影子，着暗色长袍，手执棋子，笑容不达眼底,Art/Portraits/portrait_067
赵世家,赵姓大族族长，传统贵族,法治派,非同学NPC,傲慢、保守、精明、排外、好面子,赵氏乃东渡功臣之后，族中出过三位都督、两位尚书，是新京城最显赫的世家。赵世家执掌族务三十年，维护'贵族不可与平民同列'之铁律如命。与赵夫人同族不同支，明争暗斗不断。他支持法治派不为信仰，只为保住贵族特权——法律若由贵族制定，便天然利贵族。,世家之门:赴赵世家府邸参加贵族宴会;血统之论:与其辩论贵族与平民的优劣;世家之斗:目睹其与赵夫人的族内争斗;门第:在其反对与平民通婚时表明立场;最后的族长:在世家衰落时看其如何面对,第三章以族规压制平民学生；第五章与赵夫人争夺族长之位；第六章在贵族体系动摇时选边,傲慢的老贵族，须发花白，着织金蟒袍，手拄龙头拐，目光居高临下,Art/Portraits/portrait_068
严御史,都察院御史，弹劾专家,法治派,非同学NPC,尖刻、执拗、清廉、迂腐、锐利,以弹劾闻名朝野，从县令弹到尚书，无人能逃其笔锋。自诩'铁面御史'，实则弹劾标准因人而异——对政敌锱铢必较，对同派则视而不见。然而他确有真清廉，家中四壁萧然，从不收受贿赂。他只是真诚地认为：法治派的人不需要弹劾，因为他们代表秩序本身。,铁面御史:旁听严御史的弹劾奏章朗读;弹劾之刃:成为其弹劾的对象或证人;选择性正义:发现其对不同派系的弹劾标准差异;御史的清贫:探访其清寒府邸;最后的弹劾:在其弹劾自己的同派时见证良知的回归,第三章弹劾自由派官员；第五章因弹劾法治派同僚被排挤；第六章弹劾权臣震动朝野,瘦削如竹的中年御史，着补服官帽，手持奏折，面容尖刻如刀,Art/Portraits/portrait_069
许书院,法学院教授，吴存道弟子,法治派,非同学NPC,刻板、严谨、忠诚、自卑、执拗,吴存道最忠诚的弟子，从学生做到教授，一生追随师父的学术与政治路线。对法家学说的理解不及程夫子之深，对权谋的运用不及庄不群之巧，唯有一个'忠'字贯穿始终。然而忠诚之下是深深的自卑——他知道自己只是师父的影子，离了师父便什么也不是。,弟子之路:旁听许书院的法学课;影子:发现其活在师父阴影下的痛苦;忠诚的代价:在其被要求做违背良心之事时观察其挣扎;独立:在其师父失势后看其能否自立;最后的弟子:在其为师父殉道时做出选择,第二章执行吴存道意志管控学院；第五章在师父被揭发时面临忠诚与良知的抉择；第六章选择殉道或背叛,清瘦的中年教授，面容如师父之影，着深色学袍，表情刻板，目光追随之色,Art/Portraits/portrait_070
陈敬之,竞争对手/宿敌，世家子弟,法治派,同学NPC,高傲、精密、冷酷、骄傲、压抑,大理寺卿之子，自幼被培养为法治派接班人。成绩永远第一——不是因为他最聪明，而是因为他最不能接受失败。表面温文尔雅，实则对任何超越他的人都怀有敌意。与主角的竞争从入学第一天开始，既是学术上的对手，也是信念上的敌人。然而高压之下，他也许是最脆弱的那一个。,宿敌之约:与陈敬之在考试中一决高下;世家之子:窥见其在父亲阴影下的压抑;冰冷之下:在其罕见的脆弱时刻给予理解;法与情:在其父亲要求其做不义之事时看其选择;最后的对手:在最终对决中理解彼此,第一章与主角成为竞争对手；第三章以计谋陷害主角；第六章在信念崩塌后重新定义自己,俊美冷峻的少年，着整洁到强迫症的学院制服，目光如冰，嘴角微抿,Art/Portraits/portrait_071
徐小法,徐法官之子，刻板严谨,法治派,同学NPC,刻板、严谨、胆小、执拗、善良,大法官之子，自幼被教导'法条即一切'。行事如法条般刻板——几点起床、几分吃饭、何时自习，精确到分钟。对规则的依赖近乎病态，一旦规则被打破便惊慌失措。然其刻板之下藏着未被法条磨灭的善良——他会偷偷帮被罚的同学带饭，只是绝不让任何人看见。,法条少年:与徐小法讨论规则的必要性;刻板之下:发现其偷偷行善的秘密;规则裂缝:在规则与良心冲突时看其如何选择;小法的反叛:在其首次打破规则的瞬间给予支持;走出法条:帮其学会在规则之外寻找正义,第二章以规则约束同学引发不满；第四章首次违反规则的心理挣扎；第六章在法与义间做出选择,瘦小的少年，衣着一丝不苟，怀揣笔记本记录一切规则，目光认真到呆板,Art/Portraits/portrait_072
庄谋,庄不群之子，阴沉多计,法治派,同学NPC,阴沉、多计、叛逆、压抑、聪慧,庄不群之子，自幼被父亲当作棋子训练——每一句话都是试探，每一个举动都是计算。在学院中他是最安静的人，却是最危险的人——他不说废话，不做无用之事。内心对父亲的操控深恶痛绝，却无法摆脱——因为他发现，自己已经变成了父亲的翻版。,棋子:发现庄谋在暗中替其父监视学院;父与子:在其与父亲对抗时做中间人;谋之子:与其进行一场心理博弈;叛逆的棋子:在其决定反抗父亲时给予支持;最后的计算:在其以计破计推翻父亲棋局时见证,第二章在学院中充当父亲的眼线；第五章发现真相后反叛父亲；第六章以谋略改变局势走向,阴沉的少年，面容如缩小的庄不群，着暗色制服，眼神幽深，嘴角常带冷笑,Art/Portraits/portrait_073
田金,田万亩之孙，纨绔子弟,法治派,同学NPC,纨绔、虚荣、胆小、直率、可塑,大地主之孙，含着金汤匙出生的典型纨绔。入学靠的是爷爷捐的一栋楼，考试靠的是花钱请人代写。在学院中横行霸道，却也容易被看穿——他的霸道不过是虚张声势，被真正强硬的人一瞪就怂。骨子里并不坏，只是从没人教过他什么是好。,纨绔之路:教田金什么叫真正的尊严;金与铁:在其被真正威胁时看其是软是硬;爷爷的孙子:发现其渴望被认可的内心;纨绔的转变:在危难中见识其隐藏的一面;田金的选择:在其背叛家族期待时给予理解,第二章仗势欺人被教训；第四章家族衰落后性情大变；第六章做出出人意料的勇敢选择,白白胖胖的少年，着裁缝定制的华丽制服，佩金链玉佩，笑容虚浮,Art/Portraits/portrait_074
严正,严御史之子，正义但迂腐,法治派,同学NPC,正义、迂腐、执拗、天真、单纯,严御史之子，完美继承了父亲的'弹劾'本能——不过他弹劾的不是朝廷命官，而是学院中一切他认为不公之事。谁作弊、谁霸凌、谁破坏公物，他都要'义正言辞'地举报。同学恨他入骨，他却真诚地认为自己在做正确的事。直到有一天他发现，父亲的正义也有选择性。,义正言辞:被严正义正言辞地'弹劾'一次;天真的正义:在其举报反遭孤立时给予理解;父亲的影子:发现其对父亲的盲信与崇拜;正义的裂缝:发现其父弹劾标准的选择性时观察其反应;严正之路:在其重塑自己的正义观时给予引导,第二章在学院中当'纪律委员'惹人厌；第五章发现父亲的双重标准后信仰崩塌；第六章重建独立正义观,瘦高的少年，面容严肃如小老头，着笔挺制服，常手持小本记录'不公之事',Art/Portraits/portrait_075
郑明皇帝,年迈天子，内心矛盾,重要NPC（跨派系）,重要NPC,深沉、疲惫、矛盾、睿智、孤独,东渡第三代天子，承祖宗光复之志而身居万里之外。年迈体衰，朝堂之事渐感力不从心，又不愿如先帝般放权。支持返乡团东征是为完成祖训，然心中亦有疑虑：这万里大陆，何尝不是天命所归？独坐深宫，在旧梦与新命间辗转难眠。,,第二章通过圣旨影响学院走向；第四章在东征与守成间犹豫；第六章在病榻上做出最终决断,苍老的天子，龙袍加身却身形佝偻，眼窝深陷如古井，手中紧攥玉玺,Art/Portraits/portrait_076
太子郑承乾,改革派皇储，暗中倾向自由派,重要NPC（跨派系）,重要NPC,锐意、隐忍、矛盾、果决、孤独,当朝太子，自幼博览群书，受启蒙思想影响暗中倾向改革。在朝堂上维持孝子贤孙形象，暗中却与自由派人物往来。父亲支持东征，他心向议会——却不敢说。每一个改革念头的背后都是对父亲和祖训的背叛感。他是这个帝国最大的矛盾体。,,第三章微服私访学院与主角暗通；第五章在父亲与改革间做出隐秘选择；第六章登基或殉道,英气内敛的青年储君，着明黄常服，眉宇间有与其父相似的忧郁，目光坚定却深藏,Art/Portraits/portrait_077
太后,保守势力代表，维护旧制,重要NPC（跨派系）,重要NPC,威严、深沉、保守、精明、护犊,先帝皇后，当今天子之母，在宫中经营四十载，势力盘根错节。支持返乡团东征是为维护祖训旧制，反对一切改革——因为她见过太多'变法'最终变成'乱法'。以慈母之面统御后宫，以铁腕之手干预朝政。对太子的改革倾向虽有所察觉，却仍在'母爱'与'祖制'间挣扎。,,第二章通过后宫影响朝堂决策；第四章察觉太子异心而施压；第六章在皇权危机中出手,威严的老年贵妇，凤冠霞帔，面容保养得宜却掩饰不住威压，目光如刀,Art/Portraits/portrait_078
主角母亲,汉民商帮之女，智慧隐忍,重要NPC（跨派系）,重要NPC,智慧、隐忍、温柔、坚强、洞察,商帮之女嫁入伯爵府，在将门规矩与商帮机变间游刃有余。丈夫征战在外，她独力持家教子，以商帮的人脉与智慧为家族筑起隐形堡垒。她是主角最早的启蒙者——不是因为书本，而是因为她教的主角一件事：这世上的规矩，不都是对的。,,第一章送主角入学时留下暗语叮嘱；第三章以家书传递朝堂暗流；第六章在内战中守护家业,端庄温婉的中年妇人，眉目间有商人的精明与母亲的柔光，着素雅锦衣，手持家书,Art/Portraits/portrait_079
西班牙总督,新西班牙（墨西哥）殖民总督,重要NPC（跨派系）,重要NPC,傲慢、精明、虔诚、贪婪、谋略,西班牙帝国在新大陆的总督，代表欧洲殖民势力在美洲的利益。对郑明王朝充满敌意与好奇——敌意因为领土争端，好奇因为这东方人竟先他一步建了国。一面在边境增兵施压，一面派间谍渗透刺探。是天主教的虔诚信徒，也是殖民主义的忠实执行者。,,第三章边境冲突升级引发战争危机；第五章提出领土交易谈判；第六章在郑明内战中择机而动,高大傲慢的欧洲贵族，深目高鼻，着西班牙总督礼服，佩十字架与佩剑,Art/Portraits/portrait_080
英国大使,大英帝国驻郑明使节,重要NPC（跨派系）,重要NPC,绅士、狡猾、实用主义、傲慢、精明,大英帝国派驻郑明的外交使节，表面维持邦交，暗中收集情报、拉拢势力。信奉'没有永远的朋友只有永远的利益'，在郑明各派系间纵横捭阖，以贸易特权和军事技术为筹码换取英国利益。对自由派的议会主张颇感兴趣——一个分裂的郑明更符合英国利益。,,第三章以贸易协定拉拢各方；第五章在东征议题上两面下注；第六章以外交手段影响郑明内政,风度翩翩的英国绅士，金发灰眼，着三件套礼服，持文明杖，微笑中藏锋,Art/Portraits/portrait_081
沈万金,跨派系神秘巨商,重要NPC（跨派系）,重要NPC,神秘、圆滑、富有、洞察、无原则,来历不明的巨商，传说其财富足以买下半个新京。在五个派系中均有生意与投资，是唯一与所有人都能坐下来谈的人。不站任何立场——或者说，他的立场就是利润。然而他并非纯粹的商人，其真实身份与目的深藏不露，如同他永远戴着的面具。,,第二章以商人身份接近主角；第四章揭示其在各派系间的暗盘交易；第六章真实身份与目的曝光,圆脸富态的中年人，永远带着恰到好处的微笑，着华贵但不出格的长袍，手转奇珠,Art/Portraits/portrait_082
法国传教士,天主教会代表，文化传播者,重要NPC（跨派系）,重要NPC,虔诚、博学、温和、执着、天真,耶稣会士，远渡重洋来到郑明传播天主教义。却发现这片土地上的人有自己的文明、哲学与信仰。于是从传教变为对话，在学习东方思想的同时悄悄引入西方科学。他在新京建造了一座小教堂，成为东西方文化碰撞的微缩剧场。虔诚到天真——他真的相信上帝与孔子可以握手。,,第二章在学院教授西方科学引发争议；第四章因传教被限制与朝廷冲突；第六章在内战中救助难民,温和的高鼻深目传教士，着黑色教袍，胸前十字架，手持圣经与东方典籍对照阅读,Art/Portraits/portrait_083
独臂老海盗,活跃在太平洋的海盗王,重要NPC（跨派系）,重要NPC,狂放、豪迈、残暴、义气、自由,传说中独臂横行太平洋的海盗王，年轻时是郑明海军的逃兵，因不满军纪而叛逃出海。二十年劫掠生涯使其成为太平洋上最令人恐惧的名字。虽为海盗却有江湖规矩——不劫贫民、不杀俘虏、不叛兄弟。与沈万金有秘密交易，为返乡团的东征路线提供关键情报——前提是付得起价。,,第三章在海上遭遇并向主角提供情报；第五章以海路为关键势力提供秘密运输；第六章在最终海战中决定站队,独臂壮汉，满身伤疤与纹身，缺臂处以铁钩替代，着杂色海盗装，狂笑如风雷,Art/Portraits/portrait_084
流浪剑客,江湖游侠，不属于任何势力,重要NPC（跨派系）,重要NPC,孤傲、洒脱、武艺高强、厌倦、洞察,来历不明的剑客，一身武艺不知师承何人。游走于新京街巷与荒野之间，既不属于朝堂也不属于江湖。似乎在寻找什么，又似乎在逃避什么。偶尔出现在关键时刻，以一剑之力改变局部局势，然后消失如风。有人说他是东渡前最后一批锦衣卫的遗脉，他从不解释。,,第一章在学院门口与主角擦肩；第三章在危难中出手相救后消失；第六章在终局再现身见证结局,落拓剑客，斗笠遮面，青衫破旧，腰悬无名长剑，身形如松如风,Art/Portraits/portrait_085
