id,type,chapter,trigger,jump,unlockKind,unlockTarget,unlockValue,unlockHint
EV001,主线,序章：入学与第一张任务板,游戏开始,,always,,0,创建角色后自动开放。
EV002,主线,序章：入学与第一张任务板,EV001完成后,对应主线:EV001,story,EV001,1,完成上一段主线 EV001。
EV003,可选项,序章：入学与第一张任务板,EV002完成后,,story,EV002,1,完成上一段主线 EV002。
EV004,主线,序章：入学与第一张任务板,EV003完成后,对应主线:EV003,story,EV003,1,完成上一段主线 EV003。
ZHY01,支线,支线剧情,EV002完成后,对应主线:EV002,story,EV002,1,完成主线 EV002 后开放。
GTY01,支线,支线剧情,EV001完成后,对应主线:EV001,story,EV001,1,完成主线 EV001 后开放。
FYJ01,支线,支线剧情,EV003完成后,对应主线:EV003,story,EV003,1,完成主线 EV003 后开放。
HDZ01,支线,支线剧情,EV004完成后,对应主线:EV004,story,EV004,1,完成主线 EV004 后开放。
WCD01,支线,支线剧情,EV004完成后,对应主线:EV004,story,EV004,1,完成主线 EV004 后开放。
EV005,主线,第一章：养成不是过场,EV004完成后,对应主线:EV004,quest,main_01,1,完成任务「第一周整训」：任意课程进度达到25。
EV006,可选项,第一章：养成不是过场,EV005完成后,→EV007-A,story,EV005,1,完成上一段主线 EV005。
EV007,主线,第一章：养成不是过场,EV006完成后,对应主线:EV006,quest,main_02,1,完成任务「训练搭档」：任意同窗好感达到30。
EV008,可选项,第一章：养成不是过场,EV007完成后,,story,EV007,1,完成上一段主线 EV007。
EV009,主线,第一章：养成不是过场,EV008完成后,对应主线:EV008,story,EV008,1,完成上一段主线 EV008。
EV010,主线,第一章：兵棋资格,EV009完成后,对应主线:EV009,quest,main_03,1,完成任务「兵棋资格」：任意课程达到2级。
EV011,可选项,第一章：兵棋资格,EV010完成后,→靶场线,story,EV010,1,完成上一段主线 EV010。
EV012,主线,第一章：兵棋资格,EV011完成后,对应主线:EV011,story,EV011,1,完成上一段主线 EV011。
EV013,主线,第二章：战前侦察,EV012完成后,,quest,main_04,1,完成任务「战前侦察」：情报值达到20。
QSS01,支线,支线剧情,EV007完成后,对应主线:EV007,story,EV007,1,完成主线 EV007 后开放。
SBC01,支线,支线剧情,EV010完成后,对应主线:EV010,story,EV010,1,完成主线 EV010 后开放。
FTS01,支线,支线剧情,EV010完成后,对应主线:EV010,story,EV010,1,完成主线 EV010 后开放。
MQH01,支线,支线剧情,EV008完成后,对应主线:EV008,story,EV008,1,完成主线 EV008 后开放。
QRY01,支线,支线剧情,EV009完成后,对应主线:EV009,story,EV009,1,完成主线 EV009 后开放。
GCE01,支线,支线剧情,EV010完成后,对应主线:EV010,story,EV010,1,完成主线 EV010 后开放。
LCE01,支线,支线剧情,EV012完成后,对应主线:EV012,story,EV012,1,完成主线 EV012 后开放。
WTZ01,支线,支线剧情,EV010完成后,对应主线:EV010,story,EV010,1,完成主线 EV010 后开放。
ZM01,支线,支线剧情,EV010完成后,对应主线:EV010,story,EV010,1,完成主线 EV010 后开放。
LPS01,支线,支线剧情,EV007完成后,对应主线:EV007,story,EV007,1,完成主线 EV007 后开放。
CQF01,支线,支线剧情,EV010完成后,对应主线:EV010,story,EV010,1,完成主线 EV010 后开放。
WLZ01,支线,支线剧情,EV010完成后,对应主线:EV010,story,EV010,1,完成主线 EV010 后开放。
QBZ01,支线,支线剧情,EV005完成后,对应主线:EV005,story,EV005,1,完成主线 EV005 后开放。
GWJ01,支线,支线剧情,EV009完成后,对应主线:EV009,story,EV009,1,完成主线 EV009 后开放。
WDD01,支线,支线剧情,EV010完成后,对应主线:EV010,story,EV010,1,完成主线 EV010 后开放。
ZG01,支线,支线剧情,EV012完成后,对应主线:EV012,story,EV012,1,完成主线 EV012 后开放。
YST01,支线,支线剧情,EV010完成后,对应主线:EV010,story,EV010,1,完成主线 EV010 后开放。
AH01,支线,支线剧情,EV008完成后,对应主线:EV008,story,EV008,1,完成主线 EV008 后开放。
BY01,支线,支线剧情,EV009完成后,对应主线:EV009,story,EV009,1,完成主线 EV009 后开放。
HF01,支线,支线剧情,EV010完成后,对应主线:EV010,story,EV010,1,完成主线 EV010 后开放。
TP01,支线,支线剧情,EV008完成后,对应主线:EV008,story,EV008,1,完成主线 EV008 后开放。
SY01,支线,支线剧情,EV009完成后,对应主线:EV009,story,EV009,1,完成主线 EV009 后开放。
HL01,支线,支线剧情,EV009完成后,对应主线:EV009,story,EV009,1,完成主线 EV009 后开放。
YN01,支线,支线剧情,EV008完成后,对应主线:EV008,story,EV008,1,完成主线 EV008 后开放。
LQM01,支线,支线剧情,EV009完成后,对应主线:EV009,story,EV009,1,完成主线 EV009 后开放。
YQS01,支线,支线剧情,EV009完成后,对应主线:EV009,story,EV009,1,完成主线 EV009 后开放。
SGD01,支线,支线剧情,EV009完成后,对应主线:EV009,story,EV009,1,完成主线 EV009 后开放。
HXM01,支线,支线剧情,EV008完成后,对应主线:EV008,story,EV008,1,完成主线 EV008 后开放。
YBM01,支线,支线剧情,EV009完成后,对应主线:EV009,story,EV009,1,完成主线 EV009 后开放。
CF01,支线,支线剧情,EV009完成后,对应主线:EV009,story,EV009,1,完成主线 EV009 后开放。
XFG01,支线,支线剧情,EV009完成后,对应主线:EV009,story,EV009,1,完成主线 EV009 后开放。
TMW01,支线,支线剧情,EV009完成后,对应主线:EV009,story,EV009,1,完成主线 EV009 后开放。
CFZ01,支线,支线剧情,EV009完成后,对应主线:EV009,story,EV009,1,完成主线 EV009 后开放。
JJF01,支线,支线剧情,EV010完成后,对应主线:EV010,story,EV010,1,完成主线 EV010 后开放。
ZSJ01,支线,支线剧情,EV009完成后,对应主线:EV009,story,EV009,1,完成主线 EV009 后开放。
YSY01,支线,支线剧情,EV009完成后,对应主线:EV009,story,EV009,1,完成主线 EV009 后开放。
XSY01,支线,支线剧情,EV009完成后,对应主线:EV009,story,EV009,1,完成主线 EV009 后开放。
XXF01,支线,支线剧情,EV009完成后,对应主线:EV009,story,EV009,1,完成主线 EV009 后开放。
ZM201,支线,支线剧情,EV009完成后,对应主线:EV009,story,EV009,1,完成主线 EV009 后开放。
TJ01,支线,支线剧情,EV008完成后,对应主线:EV008,story,EV008,1,完成主线 EV008 后开放。
YZ01,支线,支线剧情,EV009完成后,对应主线:EV009,story,EV009,1,完成主线 EV009 后开放。
FG01,支线,支线剧情,EV009完成后,对应主线:EV009,story,EV009,1,完成主线 EV009 后开放。
LJ01,支线,支线剧情,EV005完成后,对应主线:EV005,story,EV005,1,完成主线 EV005 后开放。
EV014,主线,第二章：战前侦察,EV013完成后,对应主线:EV013,story,EV013,1,完成上一段主线 EV013。
EV015,主线,第二章：暗潮初现,EV014完成后,对应主线:EV014,story,EV014,1,完成上一段主线 EV014。
EV016,主线,第二章：暗潮初现,EV015完成后,对应主线:EV015,story,EV015,1,完成上一段主线 EV015。
EV017,可选项,第二章：派系压力,EV016完成后,→年末舞会-旧梦,story,EV016,1,完成上一段主线 EV016。
EV018,主线,第二章：暗潮初现,EV017完成后,对应主线:EV017,story,EV017,1,完成上一段主线 EV017。
EV019,主线,第二章：暗潮初现,EV018完成后,对应主线:EV018,story,EV018,1,完成上一段主线 EV018。
EV020,主线,第二章：暗潮初现,EV019完成后,对应主线:EV019,story,EV019,1,完成上一段主线 EV019。
ZHY02,支线,支线剧情,EV018完成后,对应主线:EV018,story,EV018,1,完成主线 EV018 后开放。
ZHF01,支线,支线剧情,EV017完成后,对应主线:EV017,story,EV017,1,完成主线 EV017 后开放。
SCA01,支线,支线剧情,EV016完成后,对应主线:EV016,story,EV016,1,完成主线 EV016 后开放。
HZY01,支线,支线剧情,EV016完成后,对应主线:EV016,story,EV016,1,完成主线 EV016 后开放。
GTY02,支线,支线剧情,EV020完成后,对应主线:EV020,story,EV020,1,完成主线 EV020 后开放。
STY01,支线,支线剧情,EV016完成后,对应主线:EV016,story,EV016,1,完成主线 EV016 后开放。
LCE02,支线,支线剧情,EV014完成后,对应主线:EV014,story,EV014,1,完成主线 EV014 后开放。
YSB01,支线,支线剧情,EV016完成后,对应主线:EV016,story,EV016,1,完成主线 EV016 后开放。
XYG01,支线,支线剧情,EV016完成后,对应主线:EV016,story,EV016,1,完成主线 EV016 后开放。
LXP01,支线,支线剧情,EV016完成后,对应主线:EV016,story,EV016,1,完成主线 EV016 后开放。
AH02,支线,支线剧情,EV015完成后,对应主线:EV015,story,EV015,1,完成主线 EV015 后开放。
JL01,支线,支线剧情,EV014完成后,对应主线:EV014,story,EV014,1,完成主线 EV014 后开放。
HY01,支线,支线剧情,EV016完成后,对应主线:EV016,story,EV016,1,完成主线 EV016 后开放。
YY01,支线,支线剧情,EV015完成后,对应主线:EV015,story,EV015,1,完成主线 EV015 后开放。
HX01,支线,支线剧情,EV015完成后,对应主线:EV015,story,EV015,1,完成主线 EV015 后开放。
DY01,支线,支线剧情,EV014完成后,对应主线:EV014,story,EV014,1,完成主线 EV014 后开放。
SD01,支线,支线剧情,EV016完成后,对应主线:EV016,story,EV016,1,完成主线 EV016 后开放。
XS01,支线,支线剧情,EV015完成后,对应主线:EV015,story,EV015,1,完成主线 EV015 后开放。
HDZ02,支线,支线剧情,EV015完成后,对应主线:EV015,story,EV015,1,完成主线 EV015 后开放。
BTB01,支线,支线剧情,EV014完成后,对应主线:EV014,story,EV014,1,完成主线 EV014 后开放。
MLX01,支线,支线剧情,EV014完成后,对应主线:EV014,story,EV014,1,完成主线 EV014 后开放。
HQF01,支线,支线剧情,EV018完成后,对应主线:EV018,story,EV018,1,完成主线 EV018 后开放。
JSJ01,支线,支线剧情,EV014完成后,对应主线:EV014,story,EV014,1,完成主线 EV014 后开放。
WLG01,支线,支线剧情,EV016完成后,对应主线:EV016,story,EV016,1,完成主线 EV016 后开放。
DXX01,支线,支线剧情,EV014完成后,对应主线:EV014,story,EV014,1,完成主线 EV014 后开放。
DXY01,支线,支线剧情,EV014完成后,对应主线:EV014,story,EV014,1,完成主线 EV014 后开放。
WCD02,支线,支线剧情,EV015完成后,对应主线:EV015,story,EV015,1,完成主线 EV015 后开放。
ZBQ01,支线,支线剧情,EV018完成后,对应主线:EV018,story,EV018,1,完成主线 EV018 后开放。
QM01,支线,支线剧情,EV018完成后,对应主线:EV018,story,EV018,1,完成主线 EV018 后开放。
XBY01,支线,支线剧情,EV014完成后,对应主线:EV014,story,EV014,1,完成主线 EV014 后开放。
SWJ01,支线,支线剧情,EV018完成后,对应主线:EV018,story,EV018,1,完成主线 EV018 后开放。
HD201,支线,支线剧情,EV018完成后,对应主线:EV018,story,EV018,1,完成主线 EV018 后开放。
EV021,主线,第三章：战略地图打开,EV020完成后,对应主线:EV020,quest,main_05,1,完成任务「情报网成形」：情报网达到2级。
EV022,主线,第三章：春风化雨,EV021完成后,对应主线:EV021,story,EV021,1,完成上一段主线 EV021。
EV023,主线,第三章：春风化雨,EV022完成后,对应主线:EV022,story,EV022,1,完成上一段主线 EV022。
EV024,主线,第三章：春风化雨,EV023完成后,对应主线:EV023,story,EV023,1,完成上一段主线 EV023。
EV025,可选项,第三章：高压对抗,EV024完成后,,trainingExp,,120,体能或训练进度达到120，角色才足以参加高压对抗。
EV026,主线,第三章：春风化雨,EV025完成后,对应主线:EV025,story,EV025,1,完成上一段主线 EV025。
EV027,主线,第三章：春风化雨,EV026完成后,对应主线:EV026,story,EV026,1,完成上一段主线 EV026。
EV028,主线,第三章：春风化雨,EV027完成后,对应主线:EV027,story,EV027,1,完成上一段主线 EV027。
EV029,主线,第三章：春风化雨,EV028完成后,对应主线:EV028,story,EV028,1,完成上一段主线 EV028。
EV030,主线,第三章：春风化雨,EV029完成后,对应主线:EV029,story,EV029,1,完成上一段主线 EV029。
ZHF02,支线,支线剧情,EV027完成后,对应主线:EV027,story,EV027,1,完成主线 EV027 后开放。
QSS02,支线,支线剧情,EV022完成后,对应主线:EV022,story,EV022,1,完成主线 EV022 后开放。
SBC02,支线,支线剧情,EV026完成后,对应主线:EV026,story,EV026,1,完成主线 EV026 后开放。
HZY02,支线,支线剧情,EV030完成后,对应主线:EV030,story,EV030,1,完成主线 EV030 后开放。
ZMZ01,支线,支线剧情,EV022完成后,对应主线:EV022,story,EV022,1,完成主线 EV022 后开放。
FTS02,支线,支线剧情,EV028完成后,对应主线:EV028,story,EV028,1,完成主线 EV028 后开放。
MQH02,支线,支线剧情,EV028完成后,对应主线:EV028,story,EV028,1,完成主线 EV028 后开放。
FYJ02,支线,支线剧情,EV025完成后,对应主线:EV025,story,EV025,1,完成主线 EV025 后开放。
WTZ02,支线,支线剧情,EV024完成后,对应主线:EV024,story,EV024,1,完成主线 EV024 后开放。
ZM02,支线,支线剧情,EV024完成后,对应主线:EV024,story,EV024,1,完成主线 EV024 后开放。
LPS02,支线,支线剧情,EV024完成后,对应主线:EV024,story,EV024,1,完成主线 EV024 后开放。
CQF02,支线,支线剧情,EV026完成后,对应主线:EV026,story,EV026,1,完成主线 EV026 后开放。
QBZ02,支线,支线剧情,EV021完成后,对应主线:EV021,story,EV021,1,完成主线 EV021 后开放。
BY02,支线,支线剧情,EV022完成后,对应主线:EV022,story,EV022,1,完成主线 EV022 后开放。
HY02,支线,支线剧情,EV026完成后,对应主线:EV026,story,EV026,1,完成主线 EV026 后开放。
HF02,支线,支线剧情,EV024完成后,对应主线:EV024,story,EV024,1,完成主线 EV024 后开放。
HX02,支线,支线剧情,EV029完成后,对应主线:EV029,story,EV029,1,完成主线 EV029 后开放。
TP02,支线,支线剧情,EV028完成后,对应主线:EV028,story,EV028,1,完成主线 EV028 后开放。
SY02,支线,支线剧情,EV022完成后,对应主线:EV022,story,EV022,1,完成主线 EV022 后开放。
HL02,支线,支线剧情,EV022完成后,对应主线:EV022,story,EV022,1,完成主线 EV022 后开放。
YN02,支线,支线剧情,EV029完成后,对应主线:EV029,story,EV029,1,完成主线 EV029 后开放。
LQM02,支线,支线剧情,EV023完成后,对应主线:EV023,story,EV023,1,完成主线 EV023 后开放。
BTB02,支线,支线剧情,EV022完成后,对应主线:EV022,story,EV022,1,完成主线 EV022 后开放。
YQS02,支线,支线剧情,EV023完成后,对应主线:EV023,story,EV023,1,完成主线 EV023 后开放。
CF02,支线,支线剧情,EV023完成后,对应主线:EV023,story,EV023,1,完成主线 EV023 后开放。
XFG02,支线,支线剧情,EV023完成后,对应主线:EV023,story,EV023,1,完成主线 EV023 后开放。
TMW02,支线,支线剧情,EV022完成后,对应主线:EV022,story,EV022,1,完成主线 EV022 后开放。
CFZ02,支线,支线剧情,EV022完成后,对应主线:EV022,story,EV022,1,完成主线 EV022 后开放。
ZSJ02,支线,支线剧情,EV023完成后,对应主线:EV023,story,EV023,1,完成主线 EV023 后开放。
YSY02,支线,支线剧情,EV023完成后,对应主线:EV023,story,EV023,1,完成主线 EV023 后开放。
TH01,支线,支线剧情,EV027完成后,对应主线:EV027,story,EV027,1,完成主线 EV027 后开放。
YG01,支线,支线剧情,EV028完成后,对应主线:EV028,story,EV028,1,完成主线 EV028 后开放。
LJ02,支线,支线剧情,EV024完成后,对应主线:EV024,story,EV024,1,完成主线 EV024 后开放。
EV031,主线,第四章：夏季大演习,EV030完成后,对应主线:EV030,anyCourseLevel,,3,任意课程达到3级，取得夏季大演习资格。
EV032,可选项,第四章：盛夏风云,EV031完成后,→EV033-A,story,EV031,1,完成上一段主线 EV031。
EV033,主线,第四章：盛夏风云,EV032完成后,对应主线:EV032,story,EV032,1,完成上一段主线 EV032。
EV034,可选项,第四章：盛夏风云,EV033完成后,,story,EV033,1,完成上一段主线 EV033。
EV035,主线,第四章：盛夏风云,EV034完成后,对应主线:EV034,story,EV034,1,完成上一段主线 EV034。
EV036,可选项,第四章：盛夏风云,EV035完成后,,story,EV035,1,完成上一段主线 EV035。
EV037,主线,第四章：盛夏风云,EV036完成后,对应主线:EV036,story,EV036,1,完成上一段主线 EV036。
EV038,可选项,第四章：胜利后的选择,EV037完成后,→军演危机,quest,main_06,1,完成任务「首次军演胜利」：赢得一场战棋。
ZHY03,支线,支线剧情,EV035完成后,对应主线:EV035,story,EV035,1,完成主线 EV035 后开放。
QSS03,支线,支线剧情,EV036完成后,对应主线:EV036,story,EV036,1,完成主线 EV036 后开放。
SCA02,支线,支线剧情,EV031完成后,对应主线:EV031,story,EV031,1,完成主线 EV031 后开放。
ZMZ02,支线,支线剧情,EV035完成后,对应主线:EV035,story,EV035,1,完成主线 EV035 后开放。
GTY03,支线,支线剧情,EV038完成后,对应主线:EV038,story,EV038,1,完成主线 EV038 后开放。
QRY02,支线,支线剧情,EV031完成后,对应主线:EV031,story,EV031,1,完成主线 EV031 后开放。
STY02,支线,支线剧情,EV037完成后,对应主线:EV037,story,EV037,1,完成主线 EV037 后开放。
GCE02,支线,支线剧情,EV032完成后,对应主线:EV032,story,EV032,1,完成主线 EV032 后开放。
LCE03,支线,支线剧情,EV035完成后,对应主线:EV035,story,EV035,1,完成主线 EV035 后开放。
YSB02,支线,支线剧情,EV033完成后,对应主线:EV033,story,EV033,1,完成主线 EV033 后开放。
XYG02,支线,支线剧情,EV033完成后,对应主线:EV033,story,EV033,1,完成主线 EV033 后开放。
WLZ02,支线,支线剧情,EV033完成后,对应主线:EV033,story,EV033,1,完成主线 EV033 后开放。
GWJ02,支线,支线剧情,EV031完成后,对应主线:EV031,story,EV031,1,完成主线 EV031 后开放。
WDD02,支线,支线剧情,EV033完成后,对应主线:EV033,story,EV033,1,完成主线 EV033 后开放。
ZG02,支线,支线剧情,EV031完成后,对应主线:EV031,story,EV031,1,完成主线 EV031 后开放。
AH03,支线,支线剧情,EV036完成后,对应主线:EV036,story,EV036,1,完成主线 EV036 后开放。
JL02,支线,支线剧情,EV036完成后,对应主线:EV036,story,EV036,1,完成主线 EV036 后开放。
YY02,支线,支线剧情,EV033完成后,对应主线:EV033,story,EV033,1,完成主线 EV033 后开放。
DY02,支线,支线剧情,EV036完成后,对应主线:EV036,story,EV036,1,完成主线 EV036 后开放。
SD02,支线,支线剧情,EV031完成后,对应主线:EV031,story,EV031,1,完成主线 EV031 后开放。
XS02,支线,支线剧情,EV036完成后,对应主线:EV036,story,EV036,1,完成主线 EV036 后开放。
MLX02,支线,支线剧情,EV035完成后,对应主线:EV035,story,EV035,1,完成主线 EV035 后开放。
HQF02,支线,支线剧情,EV035完成后,对应主线:EV035,story,EV035,1,完成主线 EV035 后开放。
JSJ02,支线,支线剧情,EV035完成后,对应主线:EV035,story,EV035,1,完成主线 EV035 后开放。
SGD02,支线,支线剧情,EV036完成后,对应主线:EV036,story,EV036,1,完成主线 EV036 后开放。
WLG02,支线,支线剧情,EV031完成后,对应主线:EV031,story,EV031,1,完成主线 EV031 后开放。
DXX02,支线,支线剧情,EV036完成后,对应主线:EV036,story,EV036,1,完成主线 EV036 后开放。
WCD03,支线,支线剧情,EV036完成后,对应主线:EV036,story,EV036,1,完成主线 EV036 后开放。
JJF02,支线,支线剧情,EV033完成后,对应主线:EV033,story,EV033,1,完成主线 EV033 后开放。
ZBQ02,支线,支线剧情,EV036完成后,对应主线:EV036,story,EV036,1,完成主线 EV036 后开放。
XSY02,支线,支线剧情,EV036完成后,对应主线:EV036,story,EV036,1,完成主线 EV036 后开放。
XXF02,支线,支线剧情,EV033完成后,对应主线:EV033,story,EV033,1,完成主线 EV033 后开放。
HD01,支线,支线剧情,EV035完成后,对应主线:EV035,story,EV035,1,完成主线 EV035 后开放。
TZ01,支线,支线剧情,EV031完成后,对应主线:EV031,story,EV031,1,完成主线 EV031 后开放。
EV039,主线,第五章：战报回流,EV038完成后,EV038,story,EV038,1,完成上一段主线 EV038。
EV040,正常文本,第五章：二年级·激流,EV039完成后,EV039,story,EV039,1,完成上一段主线 EV039。
EV041,正常文本,第五章：二年级·激流,EV040完成后,EV040,story,EV040,1,完成上一段主线 EV040。
EV042,正常文本,第五章：二年级·激流,EV041完成后,EV041,story,EV041,1,完成上一段主线 EV041。
EV043,正常文本,第五章：二年级·激流,EV042完成后,EV042,story,EV042,1,完成上一段主线 EV042。
EV044,正常文本,第五章：二年级·激流,EV043完成后,EV043,story,EV043,1,完成上一段主线 EV043。
EV045,正常文本,第五章：二年级·激流,EV044完成后,EV044,story,EV044,1,完成上一段主线 EV044。
EV046,正常文本,第五章：二年级·激流,EV045完成后,EV045,story,EV045,1,完成上一段主线 EV045。
EV047,正常文本,第五章：二年级·激流,EV046完成后,EV046,story,EV046,1,完成上一段主线 EV046。
EV048,正常文本,第五章：二年级·激流,EV047完成后,EV047,story,EV047,1,完成上一段主线 EV047。
EV049,正常文本,第五章：二年级·激流,EV048完成后,EV048,story,EV048,1,完成上一段主线 EV048。
FG03,正常文本,支线剧情,EV063完成后,EV063,story,EV063,1,完成主线 EV063 后开放。
HD02,正常文本,支线剧情,EV054完成后,EV054,story,EV054,1,完成主线 EV054 后开放。
HD203,正常文本,支线剧情,EV061完成后,EV061,story,EV061,1,完成主线 EV061 后开放。
LJ03,正常文本,支线剧情,EV053完成后,EV053,story,EV053,1,完成主线 EV053 后开放。
SWJ03,正常文本,支线剧情,EV064完成后,EV064,story,EV064,1,完成主线 EV064 后开放。
TZ02,正常文本,支线剧情,EV053完成后,EV053,story,EV053,1,完成主线 EV053 后开放。
XBY03,正常文本,支线剧情,EV061完成后,EV061,story,EV061,1,完成主线 EV061 后开放。
YG03,正常文本,支线剧情,EV063完成后,EV063,story,EV063,1,完成主线 EV063 后开放。
YZ03,正常文本,支线剧情,EV054完成后,EV054,story,EV054,1,完成主线 EV054 后开放。
ZHF03,正常文本,支线剧情,EV042完成后,EV042,story,EV042,1,完成主线 EV042 后开放。
SBC03,正常文本,支线剧情,EV043完成后,EV043,story,EV043,1,完成主线 EV043 后开放。
SCA03,正常文本,支线剧情,EV041完成后,EV041,story,EV041,1,完成主线 EV041 后开放。
HZY03,正常文本,支线剧情,EV046完成后,EV046,story,EV046,1,完成主线 EV046 后开放。
ZHY05,正常文本,支线剧情,EV065完成后,EV065,story,EV065,1,完成主线 EV065 后开放。
ZMZ03,正常文本,支线剧情,EV047完成后,EV047,story,EV047,1,完成主线 EV047 后开放。
FTS03,正常文本,支线剧情,EV043完成后,EV043,story,EV043,1,完成主线 EV043 后开放。
MQH03,正常文本,支线剧情,EV045完成后,EV045,story,EV045,1,完成主线 EV045 后开放。
FYJ03,正常文本,支线剧情,EV045完成后,EV045,story,EV045,1,完成主线 EV045 后开放。
WTZ03,正常文本,支线剧情,EV045完成后,EV045,story,EV045,1,完成主线 EV045 后开放。
ZM03,正常文本,支线剧情,EV043完成后,EV043,story,EV043,1,完成主线 EV043 后开放。
LPS03,正常文本,支线剧情,EV041完成后,EV041,story,EV041,1,完成主线 EV041 后开放。
CQF03,正常文本,支线剧情,EV046完成后,EV046,story,EV046,1,完成主线 EV046 后开放。
YSB03,正常文本,支线剧情,EV043完成后,EV043,story,EV043,1,完成主线 EV043 后开放。
XYG03,正常文本,支线剧情,EV046完成后,EV046,story,EV046,1,完成主线 EV046 后开放。
WLZ03,正常文本,支线剧情,EV047完成后,EV047,story,EV047,1,完成主线 EV047 后开放。
QBZ03,正常文本,支线剧情,EV047完成后,EV047,story,EV047,1,完成主线 EV047 后开放。
GWJ03,正常文本,支线剧情,EV041完成后,EV041,story,EV041,1,完成主线 EV041 后开放。
LXP02,正常文本,支线剧情,EV045完成后,EV045,story,EV045,1,完成主线 EV045 后开放。
YST02,正常文本,支线剧情,EV046完成后,EV046,story,EV046,1,完成主线 EV046 后开放。
BY03,正常文本,支线剧情,EV041完成后,EV041,story,EV041,1,完成主线 EV041 后开放。
JL03,正常文本,支线剧情,EV041完成后,EV041,story,EV041,1,完成主线 EV041 后开放。
HY03,正常文本,支线剧情,EV041完成后,EV041,story,EV041,1,完成主线 EV041 后开放。
HF03,正常文本,支线剧情,EV043完成后,EV043,story,EV043,1,完成主线 EV043 后开放。
HX03,正常文本,支线剧情,EV042完成后,EV042,story,EV042,1,完成主线 EV042 后开放。
TP03,正常文本,支线剧情,EV047完成后,EV047,story,EV047,1,完成主线 EV047 后开放。
SY03,正常文本,支线剧情,EV042完成后,EV042,story,EV042,1,完成主线 EV042 后开放。
DY03,正常文本,支线剧情,EV046完成后,EV046,story,EV046,1,完成主线 EV046 后开放。
HDZ03,正常文本,支线剧情,EV041完成后,EV041,story,EV041,1,完成主线 EV041 后开放。
LQM03,正常文本,支线剧情,EV041完成后,EV041,story,EV041,1,完成主线 EV041 后开放。
BTB03,正常文本,支线剧情,EV042完成后,EV042,story,EV042,1,完成主线 EV042 后开放。
MLX03,正常文本,支线剧情,EV042完成后,EV042,story,EV042,1,完成主线 EV042 后开放。
HQF03,正常文本,支线剧情,EV047完成后,EV047,story,EV047,1,完成主线 EV047 后开放。
YQS03,正常文本,支线剧情,EV041完成后,EV041,story,EV041,1,完成主线 EV041 后开放。
JSJ03,正常文本,支线剧情,EV047完成后,EV047,story,EV047,1,完成主线 EV047 后开放。
SGD03,正常文本,支线剧情,EV047完成后,EV047,story,EV047,1,完成主线 EV047 后开放。
WLG03,正常文本,支线剧情,EV041完成后,EV041,story,EV041,1,完成主线 EV041 后开放。
DXX03,正常文本,支线剧情,EV042完成后,EV042,story,EV042,1,完成主线 EV042 后开放。
HXM02,正常文本,支线剧情,EV047完成后,EV047,story,EV047,1,完成主线 EV047 后开放。
DXY02,正常文本,支线剧情,EV042完成后,EV042,story,EV042,1,完成主线 EV042 后开放。
YBM02,正常文本,支线剧情,EV042完成后,EV042,story,EV042,1,完成主线 EV042 后开放。
WCD04,正常文本,支线剧情,EV047完成后,EV047,story,EV047,1,完成主线 EV047 后开放。
WCD05,正常文本,支线剧情,EV048完成后,EV048,story,EV048,1,完成主线 EV048 后开放。
CF03,正常文本,支线剧情,EV047完成后,EV047,story,EV047,1,完成主线 EV047 后开放。
XFG03,正常文本,支线剧情,EV042完成后,EV042,story,EV042,1,完成主线 EV042 后开放。
TMW03,正常文本,支线剧情,EV041完成后,EV041,story,EV041,1,完成主线 EV041 后开放。
CFZ03,正常文本,支线剧情,EV041完成后,EV041,story,EV041,1,完成主线 EV041 后开放。
JJF03,正常文本,支线剧情,EV046完成后,EV046,story,EV046,1,完成主线 EV046 后开放。
ZBQ03,正常文本,支线剧情,EV047完成后,EV047,story,EV047,1,完成主线 EV047 后开放。
ZSJ03,正常文本,支线剧情,EV041完成后,EV041,story,EV041,1,完成主线 EV041 后开放。
YSY03,正常文本,支线剧情,EV042完成后,EV042,story,EV042,1,完成主线 EV042 后开放。
XSY03,正常文本,支线剧情,EV047完成后,EV047,story,EV047,1,完成主线 EV047 后开放。
ZM202,正常文本,支线剧情,EV047完成后,EV047,story,EV047,1,完成主线 EV047 后开放。
TJ02,正常文本,支线剧情,EV041完成后,EV041,story,EV041,1,完成主线 EV041 后开放。
YZ02,正常文本,支线剧情,EV047完成后,EV047,story,EV047,1,完成主线 EV047 后开放。
TH02,正常文本,支线剧情,EV043完成后,EV043,story,EV043,1,完成主线 EV043 后开放。
QM02,正常文本,支线剧情,EV043完成后,EV043,story,EV043,1,完成主线 EV043 后开放。
XBY02,正常文本,支线剧情,EV041完成后,EV041,story,EV041,1,完成主线 EV041 后开放。
YG02,正常文本,支线剧情,EV047完成后,EV047,story,EV047,1,完成主线 EV047 后开放。
SWJ02,正常文本,支线剧情,EV047完成后,EV047,story,EV047,1,完成主线 EV047 后开放。
FG02,正常文本,支线剧情,EV041完成后,EV041,story,EV041,1,完成主线 EV041 后开放。
HD202,正常文本,支线剧情,EV041完成后,EV041,story,EV041,1,完成主线 EV041 后开放。
EV050,主线,第六章：毕业前整备,EV049完成后,EV049,quest,main_08,1,完成任务「毕业前整备」：情报值达到45。
EV051,正常文本,第六章：风雨欲来,EV050完成后,EV050,story,EV050,1,完成上一段主线 EV050。
EV052,正常文本,第六章：风雨欲来,EV051完成后,EV051,story,EV051,1,完成上一段主线 EV051。
EV053,正常文本,第六章：风雨欲来,EV052完成后,EV052,story,EV052,1,完成上一段主线 EV052。
EV054,正常文本,第六章：风雨欲来,EV053完成后,EV053,story,EV053,1,完成上一段主线 EV053。
EV055,正常文本,第六章：风雨欲来,EV054完成后,EV054,story,EV054,1,完成上一段主线 EV054。
EV056,正常文本,第六章：风雨欲来,EV055完成后,EV055,story,EV055,1,完成上一段主线 EV055。
EV057,正常文本,第六章：风雨欲来,EV056完成后,EV056,story,EV056,1,完成上一段主线 EV056。
EV058,正常文本,第六章：风雨欲来,EV057完成后,EV057,story,EV057,1,完成上一段主线 EV057。
ZHY04,正常文本,支线剧情,EV054完成后,EV054,story,EV054,1,完成主线 EV054 后开放。
ZHF04,正常文本,支线剧情,EV057完成后,EV057,story,EV057,1,完成主线 EV057 后开放。
QSS04,正常文本,支线剧情,EV052完成后,EV052,story,EV052,1,完成主线 EV052 后开放。
SBC04,正常文本,支线剧情,EV054完成后,EV054,story,EV054,1,完成主线 EV054 后开放。
SCA04,正常文本,支线剧情,EV052完成后,EV052,story,EV052,1,完成主线 EV052 后开放。
HZY04,正常文本,支线剧情,EV053完成后,EV053,story,EV053,1,完成主线 EV053 后开放。
ZMZ04,正常文本,支线剧情,EV055完成后,EV055,story,EV055,1,完成主线 EV055 后开放。
FTS04,正常文本,支线剧情,EV053完成后,EV053,story,EV053,1,完成主线 EV053 后开放。
MQH04,正常文本,支线剧情,EV057完成后,EV057,story,EV057,1,完成主线 EV057 后开放。
GTY04,正常文本,支线剧情,EV054完成后,EV054,story,EV054,1,完成主线 EV054 后开放。
QRY03,正常文本,支线剧情,EV054完成后,EV054,story,EV054,1,完成主线 EV054 后开放。
GCE03,正常文本,支线剧情,EV052完成后,EV052,story,EV052,1,完成主线 EV052 后开放。
LCE04,正常文本,支线剧情,EV052完成后,EV052,story,EV052,1,完成主线 EV052 后开放。
WTZ04,正常文本,支线剧情,EV054完成后,EV054,story,EV054,1,完成主线 EV054 后开放。
ZM04,正常文本,支线剧情,EV053完成后,EV053,story,EV053,1,完成主线 EV053 后开放。
LPS04,正常文本,支线剧情,EV052完成后,EV052,story,EV052,1,完成主线 EV052 后开放。
CQF04,正常文本,支线剧情,EV053完成后,EV053,story,EV053,1,完成主线 EV053 后开放。
YSB04,正常文本,支线剧情,EV053完成后,EV053,story,EV053,1,完成主线 EV053 后开放。
XYG04,正常文本,支线剧情,EV053完成后,EV053,story,EV053,1,完成主线 EV053 后开放。
WLZ04,正常文本,支线剧情,EV053完成后,EV053,story,EV053,1,完成主线 EV053 后开放。
QBZ04,正常文本,支线剧情,EV054完成后,EV054,story,EV054,1,完成主线 EV054 后开放。
GWJ04,正常文本,支线剧情,EV052完成后,EV052,story,EV052,1,完成主线 EV052 后开放。
WDD03,正常文本,支线剧情,EV053完成后,EV053,story,EV053,1,完成主线 EV053 后开放。
ZG03,正常文本,支线剧情,EV053完成后,EV053,story,EV053,1,完成主线 EV053 后开放。
YST03,正常文本,支线剧情,EV052完成后,EV052,story,EV052,1,完成主线 EV052 后开放。
AH04,正常文本,支线剧情,EV054完成后,EV054,story,EV054,1,完成主线 EV054 后开放。
BY04,正常文本,支线剧情,EV054完成后,EV054,story,EV054,1,完成主线 EV054 后开放。
JL04,正常文本,支线剧情,EV052完成后,EV052,story,EV052,1,完成主线 EV052 后开放。
HY04,正常文本,支线剧情,EV053完成后,EV053,story,EV053,1,完成主线 EV053 后开放。
HF04,正常文本,支线剧情,EV053完成后,EV053,story,EV053,1,完成主线 EV053 后开放。
YY03,正常文本,支线剧情,EV054完成后,EV054,story,EV054,1,完成主线 EV054 后开放。
HX04,正常文本,支线剧情,EV055完成后,EV055,story,EV055,1,完成主线 EV055 后开放。
TP04,正常文本,支线剧情,EV057完成后,EV057,story,EV057,1,完成主线 EV057 后开放。
SY04,正常文本,支线剧情,EV054完成后,EV054,story,EV054,1,完成主线 EV054 后开放。
DY04,正常文本,支线剧情,EV054完成后,EV054,story,EV054,1,完成主线 EV054 后开放。
HL03,正常文本,支线剧情,EV054完成后,EV054,story,EV054,1,完成主线 EV054 后开放。
YN03,正常文本,支线剧情,EV053完成后,EV053,story,EV053,1,完成主线 EV053 后开放。
SD03,正常文本,支线剧情,EV052完成后,EV052,story,EV052,1,完成主线 EV052 后开放。
XS03,正常文本,支线剧情,EV054完成后,EV054,story,EV054,1,完成主线 EV054 后开放。
HDZ04,正常文本,支线剧情,EV052完成后,EV052,story,EV052,1,完成主线 EV052 后开放。
LQM04,正常文本,支线剧情,EV052完成后,EV052,story,EV052,1,完成主线 EV052 后开放。
BTB04,正常文本,支线剧情,EV052完成后,EV052,story,EV052,1,完成主线 EV052 后开放。
MLX04,正常文本,支线剧情,EV052完成后,EV052,story,EV052,1,完成主线 EV052 后开放。
HQF04,正常文本,支线剧情,EV054完成后,EV054,story,EV054,1,完成主线 EV054 后开放。
YQS04,正常文本,支线剧情,EV053完成后,EV053,story,EV053,1,完成主线 EV053 后开放。
JSJ04,正常文本,支线剧情,EV054完成后,EV054,story,EV054,1,完成主线 EV054 后开放。
SGD04,正常文本,支线剧情,EV054完成后,EV054,story,EV054,1,完成主线 EV054 后开放。
WLG04,正常文本,支线剧情,EV052完成后,EV052,story,EV052,1,完成主线 EV052 后开放。
DXX04,正常文本,支线剧情,EV055完成后,EV055,story,EV055,1,完成主线 EV055 后开放。
HXM03,正常文本,支线剧情,EV053完成后,EV053,story,EV053,1,完成主线 EV053 后开放。
DXY03,正常文本,支线剧情,EV052完成后,EV052,story,EV052,1,完成主线 EV052 后开放。
YBM03,正常文本,支线剧情,EV052完成后,EV052,story,EV052,1,完成主线 EV052 后开放。
CF04,正常文本,支线剧情,EV054完成后,EV054,story,EV054,1,完成主线 EV054 后开放。
XFG04,正常文本,支线剧情,EV054完成后,EV054,story,EV054,1,完成主线 EV054 后开放。
TMW04,正常文本,支线剧情,EV054完成后,EV054,story,EV054,1,完成主线 EV054 后开放。
CFZ04,正常文本,支线剧情,EV052完成后,EV052,story,EV052,1,完成主线 EV052 后开放。
JJF04,正常文本,支线剧情,EV054完成后,EV054,story,EV054,1,完成主线 EV054 后开放。
ZBQ04,正常文本,支线剧情,EV055完成后,EV055,story,EV055,1,完成主线 EV055 后开放。
ZSJ04,正常文本,支线剧情,EV054完成后,EV054,story,EV054,1,完成主线 EV054 后开放。
YSY04,正常文本,支线剧情,EV054完成后,EV054,story,EV054,1,完成主线 EV054 后开放。
XSY04,正常文本,支线剧情,EV054完成后,EV054,story,EV054,1,完成主线 EV054 后开放。
XXF03,正常文本,支线剧情,EV054完成后,EV054,story,EV054,1,完成主线 EV054 后开放。
ZM203,正常文本,支线剧情,EV055完成后,EV055,story,EV055,1,完成主线 EV055 后开放。
TJ03,正常文本,支线剧情,EV054完成后,EV054,story,EV054,1,完成主线 EV054 后开放。
EV059,主线,第七章：烽火连天,EV058完成后,EV058,battleWins,,2,累计赢得2场战棋，证明你能在实战压力下指挥。
EV060,正常文本,第七章：烽火连天,EV059完成后,EV059,story,EV059,1,完成上一段主线 EV059。
EV061,正常文本,第七章：烽火连天,EV060完成后,EV060,story,EV060,1,完成上一段主线 EV060。
EV062,正常文本,第七章：烽火连天,EV061完成后,EV061,story,EV061,1,完成上一段主线 EV061。
EV063,正常文本,第七章：烽火连天,EV062完成后,EV062,story,EV062,1,完成上一段主线 EV062。
EV064,正常文本,第七章：烽火连天,EV063完成后,EV063,story,EV063,1,完成上一段主线 EV063。
EV065,可选项,第七章：终局决断,EV064完成后,EV064,battleWins,,3,累计赢得3场战棋，进入终局决断。
ZHF05,正常文本,支线剧情,EV064完成后,EV064,story,EV064,1,完成主线 EV064 后开放。
QSS05,正常文本,支线剧情,EV064完成后,EV064,story,EV064,1,完成主线 EV064 后开放。
SBC05,正常文本,支线剧情,EV064完成后,EV064,story,EV064,1,完成主线 EV064 后开放。
SCA05,正常文本,支线剧情,EV065完成后,EV065,story,EV065,1,完成主线 EV065 后开放。
HZY05,正常文本,支线剧情,EV064完成后,EV064,story,EV064,1,完成主线 EV064 后开放。
ZMZ05,正常文本,支线剧情,EV065完成后,EV065,story,EV065,1,完成主线 EV065 后开放。
FTS05,正常文本,支线剧情,EV064完成后,EV064,story,EV064,1,完成主线 EV064 后开放。
MQH05,正常文本,支线剧情,EV065完成后,EV065,story,EV065,1,完成主线 EV065 后开放。
GTY05,正常文本,支线剧情,EV065完成后,EV065,story,EV065,1,完成主线 EV065 后开放。
STY03,正常文本,支线剧情,EV063完成后,EV063,story,EV063,1,完成主线 EV063 后开放。
LCE05,正常文本,支线剧情,EV064完成后,EV064,story,EV064,1,完成主线 EV064 后开放。
WTZ05,正常文本,支线剧情,EV064完成后,EV064,story,EV064,1,完成主线 EV064 后开放。
ZM05,正常文本,支线剧情,EV065完成后,EV065,story,EV065,1,完成主线 EV065 后开放。
LPS05,正常文本,支线剧情,EV061完成后,EV061,story,EV061,1,完成主线 EV061 后开放。
CQF05,正常文本,支线剧情,EV061完成后,EV061,story,EV061,1,完成主线 EV061 后开放。
YSB05,正常文本,支线剧情,EV063完成后,EV063,story,EV063,1,完成主线 EV063 后开放。
XYG05,正常文本,支线剧情,EV063完成后,EV063,story,EV063,1,完成主线 EV063 后开放。
WLZ05,正常文本,支线剧情,EV064完成后,EV064,story,EV064,1,完成主线 EV064 后开放。
QBZ05,正常文本,支线剧情,EV065完成后,EV065,story,EV065,1,完成主线 EV065 后开放。
GWJ05,正常文本,支线剧情,EV065完成后,EV065,story,EV065,1,完成主线 EV065 后开放。
LXP03,正常文本,支线剧情,EV061完成后,EV061,story,EV061,1,完成主线 EV061 后开放。
AH05,正常文本,支线剧情,EV065完成后,EV065,story,EV065,1,完成主线 EV065 后开放。
BY05,正常文本,支线剧情,EV065完成后,EV065,story,EV065,1,完成主线 EV065 后开放。
JL05,正常文本,支线剧情,EV065完成后,EV065,story,EV065,1,完成主线 EV065 后开放。
HY05,正常文本,支线剧情,EV065完成后,EV065,story,EV065,1,完成主线 EV065 后开放。
HF05,正常文本,支线剧情,EV065完成后,EV065,story,EV065,1,完成主线 EV065 后开放。
YY04,正常文本,支线剧情,EV063完成后,EV063,story,EV063,1,完成主线 EV063 后开放。
YY05,正常文本,支线剧情,EV065完成后,EV065,story,EV065,1,完成主线 EV065 后开放。
HX05,正常文本,支线剧情,EV065完成后,EV065,story,EV065,1,完成主线 EV065 后开放。
TP05,正常文本,支线剧情,EV065完成后,EV065,story,EV065,1,完成主线 EV065 后开放。
SY05,正常文本,支线剧情,EV065完成后,EV065,story,EV065,1,完成主线 EV065 后开放。
DY05,正常文本,支线剧情,EV065完成后,EV065,story,EV065,1,完成主线 EV065 后开放。
HDZ05,正常文本,支线剧情,EV063完成后,EV063,story,EV063,1,完成主线 EV063 后开放。
LQM05,正常文本,支线剧情,EV065完成后,EV065,story,EV065,1,完成主线 EV065 后开放。
BTB05,正常文本,支线剧情,EV065完成后,EV065,story,EV065,1,完成主线 EV065 后开放。
MLX05,正常文本,支线剧情,EV061完成后,EV061,story,EV061,1,完成主线 EV061 后开放。
HQF05,正常文本,支线剧情,EV065完成后,EV065,story,EV065,1,完成主线 EV065 后开放。
YQS05,正常文本,支线剧情,EV065完成后,EV065,story,EV065,1,完成主线 EV065 后开放。
JSJ05,正常文本,支线剧情,EV065完成后,EV065,story,EV065,1,完成主线 EV065 后开放。
SGD05,正常文本,支线剧情,EV065完成后,EV065,story,EV065,1,完成主线 EV065 后开放。
WLG05,正常文本,支线剧情,EV061完成后,EV061,story,EV061,1,完成主线 EV061 后开放。
DXX05,正常文本,支线剧情,EV063完成后,EV063,story,EV063,1,完成主线 EV063 后开放。
CF05,正常文本,支线剧情,EV064完成后,EV064,story,EV064,1,完成主线 EV064 后开放。
XFG05,正常文本,支线剧情,EV064完成后,EV064,story,EV064,1,完成主线 EV064 后开放。
TMW05,正常文本,支线剧情,EV065完成后,EV065,story,EV065,1,完成主线 EV065 后开放。
CFZ05,正常文本,支线剧情,EV065完成后,EV065,story,EV065,1,完成主线 EV065 后开放。
JJF05,正常文本,支线剧情,EV064完成后,EV064,story,EV064,1,完成主线 EV064 后开放。
ZBQ05,正常文本,支线剧情,EV065完成后,EV065,story,EV065,1,完成主线 EV065 后开放。
ZSJ05,正常文本,支线剧情,EV065完成后,EV065,story,EV065,1,完成主线 EV065 后开放。
YSY05,正常文本,支线剧情,EV065完成后,EV065,story,EV065,1,完成主线 EV065 后开放。
XSY05,正常文本,支线剧情,EV065完成后,EV065,story,EV065,1,完成主线 EV065 后开放。
HD03,正常文本,支线剧情,EV065完成后,EV065,story,EV065,1,完成主线 EV065 后开放。
TZ03,正常文本,支线剧情,EV065完成后,EV065,story,EV065,1,完成主线 EV065 后开放。
TH03,正常文本,支线剧情,EV064完成后,EV064,story,EV064,1,完成主线 EV064 后开放。
QM03,正常文本,支线剧情,EV064完成后,EV064,story,EV064,1,完成主线 EV064 后开放。
END-01,结局文本,结局,EV065,阶级民主+共和+高管理,,,,
END-02,结局文本,结局,EV065,高军事+忠诚于某派系,,,,
END-03,结局文本,结局,EV065,高战斗+多次前线作战,,,,
END-04,结局文本,结局,EV065,四围均衡+广泛人脉,,,,
END-05,结局文本,结局,EV065,极端立场+极高人望,,,,
END-06,结局文本,结局,EV065,战败被俘拒绝投降,,,,
END-07,结局文本,结局,EV065,内战失败但存活,,,,
END-08,结局文本,结局,EV065,母亲家族好感极高,,,,
END-09,结局文本,结局,EV065,被俘且不妥协,,,,
END-10,结局文本,结局,EV065,战败投降未被接纳,,,,
END-11,结局文本,结局,EV065,民族皇汉+暗中勾结,,,,
